UID;sAMAccountName;UserPrincipalName;GivenName;Surname;DisplayName;Title;Department;OU;Domain;EmailAddress;Enabled;PasswordNeverExpires;LastLogonDate;PasswordLastSet;WhenCreated;MemberOf;IsStale;IsPrivileged;IsServiceAccount;MFAEnabled;Description;Notes
CB0001;t.moulin;t.moulin@corpb.local;Thomas;Moulin;Thomas Moulin;Directeur Commercial;Direction;OU=Direction,DC=corpb,DC=local;corpb.local;t.moulin@corpb.local;TRUE;TRUE;2023-09-08;2022-10-13;2020-07-03;GRP_Direction_Managers|GRP_All_CorpB;FALSE;FALSE;FALSE;FALSE;Directeur Commercial;
CB0002;l.henry;l.henry@corpb.local;Laurent;Henry;Laurent Henry;Directrice Générale;Direction;OU=Direction,DC=corpb,DC=local;corpb.local;l.henry@corpb.local;TRUE;TRUE;2023-02-02;2022-07-11;2018-05-03;GRP_Direction_Managers|GRP_All_CorpB;FALSE;FALSE;FALSE;FALSE;Directrice Générale;
CB0003;c.vincent;c.vincent@corpb.local;Christophe;Vincent;Christophe Vincent;DRH;Direction;OU=Direction,DC=corpb,DC=local;corpb.local;c.vincent@corpb.local;TRUE;TRUE;2024-10-27;2024-05-09;2024-02-11;GRP_Direction_Managers|GRP_All_CorpB;FALSE;FALSE;FALSE;FALSE;DRH;
CB0004;m.martin;m.martin@corpb.local;Margot;Martin;Margot Martin;Directrice Générale;Direction;OU=Direction,DC=corpb,DC=local;corpb.local;m.martin@corpb.local;TRUE;FALSE;2023-06-13;2023-11-28;2022-09-28;GRP_Direction_Managers|GRP_All_CorpB;FALSE;FALSE;FALSE;FALSE;Directrice Générale;
CB0005;p.legrand;p.legrand@corpb.local;Patrick;Legrand;Patrick Legrand;DAF;Direction;OU=Direction,DC=corpb,DC=local;corpb.local;p.legrand@corpb.local;TRUE;TRUE;2023-04-15;2024-02-18;2019-01-15;GRP_Direction_Managers|GRP_All_CorpB;FALSE;FALSE;FALSE;FALSE;DAF;
CB0006;l.arnaud;l.arnaud@corpb.local;Léa;Arnaud;Léa Arnaud;Directeur Général;Direction;OU=Direction,DC=corpb,DC=local;corpb.local;l.arnaud@corpb.local;TRUE;FALSE;2023-02-14;2022-09-13;2023-02-25;GRP_Direction_Managers|GRP_All_CorpB|GRP_Domain_Admins_Local;FALSE;TRUE;FALSE;FALSE;Directeur Général;
CB0007;é.perrot;é.perrot@corpb.local;Élise;Perrot;Élise Perrot;Directeur Commercial;Direction;OU=Direction,DC=corpb,DC=local;corpb.local;é.perrot@corpb.local;TRUE;TRUE;2024-08-14;2022-05-23;2020-02-27;GRP_Direction_Managers|GRP_All_CorpB;FALSE;FALSE;FALSE;FALSE;Directeur Commercial;
CB0008;p.deschamps;p.deschamps@corpb.local;Patrick;Deschamps;Patrick Deschamps;DAF;Direction;OU=Direction,DC=corpb,DC=local;corpb.local;p.deschamps@corpb.local;TRUE;FALSE;2023-03-23;2022-07-26;2020-08-11;GRP_Direction_Managers|GRP_All_CorpB;FALSE;FALSE;FALSE;FALSE;DAF;
CB0009;n.perrot;n.perrot@corpb.local;Nadège;Perrot;Nadège Perrot;Directeur Commercial;Direction;OU=Direction,DC=corpb,DC=local;corpb.local;n.perrot@corpb.local;TRUE;TRUE;2023-06-16;2023-12-29;2022-02-25;GRP_Direction_Managers|GRP_All_CorpB;FALSE;FALSE;FALSE;FALSE;Directeur Commercial;
CB0010;c.laurent;c.laurent@corpb.local;Claire;Laurent;Claire Laurent;Directrice Générale;Direction;OU=Direction,DC=corpb,DC=local;corpb.local;c.laurent@corpb.local;TRUE;TRUE;2024-09-15;2024-12-29;2019-12-02;GRP_Direction_Managers|GRP_All_CorpB;FALSE;FALSE;FALSE;FALSE;Directrice Générale;
CB0011;p.benali;p.benali@corpb.local;Pauline;Benali;Pauline Benali;Directrice Marketing;Direction;OU=Direction,DC=corpb,DC=local;corpb.local;p.benali@corpb.local;TRUE;FALSE;2024-10-17;2023-03-26;2024-03-31;GRP_Direction_Managers|GRP_All_CorpB;FALSE;FALSE;FALSE;FALSE;Directrice Marketing;
CB0012;a.robert;a.robert@corpb.local;Alexandre;Robert;Alexandre Robert;Directrice Générale;Direction;OU=Direction,DC=corpb,DC=local;corpb.local;a.robert@corpb.local;TRUE;TRUE;2023-11-20;2023-07-03;2022-07-02;GRP_Direction_Managers|GRP_All_CorpB|GRP_Domain_Admins_Local;FALSE;TRUE;FALSE;FALSE;Directrice Générale;
CB0013;i.lacroix;i.lacroix@corpb.local;Isabelle;Lacroix;Isabelle Lacroix;Responsable Commercial;Commercial;OU=Commercial,DC=corpb,DC=local;corpb.local;i.lacroix@corpb.local;TRUE;FALSE;2024-02-10;2022-10-20;2023-02-23;GRP_Commercial_Users|GRP_CRM_Salesforce|GRP_All_CorpB;FALSE;FALSE;FALSE;FALSE;Responsable Commercial;
CB0014;t.arnaud;t.arnaud@corpb.local;Thierry;Arnaud;Thierry Arnaud;Responsable Commercial;Commercial;OU=Commercial,DC=corpb,DC=local;corpb.local;t.arnaud@corpb.local;TRUE;FALSE;2024-08-21;2024-03-28;2022-10-21;GRP_Commercial_Users|GRP_CRM_Salesforce|GRP_All_CorpB;FALSE;FALSE;FALSE;FALSE;Responsable Commercial;
CB0015;j.lacroix;j.lacroix@corpb.local;Jonathan;Lacroix;Jonathan Lacroix;Ingénieur Commercial;Commercial;OU=Commercial,DC=corpb,DC=local;corpb.local;j.lacroix@corpb.local;TRUE;TRUE;2023-04-04;2022-08-13;2018-07-12;GRP_Commercial_Users|GRP_CRM_Salesforce|GRP_All_CorpB;FALSE;FALSE;FALSE;FALSE;Ingénieur Commercial;
CB0016;b.henry;b.henry@corpb.local;Bruno;Henry;Bruno Henry;Business Developer;Commercial;OU=Commercial,DC=corpb,DC=local;corpb.local;b.henry@corpb.local;TRUE;FALSE;2024-09-02;2024-02-28;2018-09-18;GRP_Commercial_Users|GRP_CRM_Salesforce|GRP_All_CorpB;FALSE;FALSE;FALSE;FALSE;Business Developer;
CB0017;c.esteves;c.esteves@corpb.local;Charlotte;Esteves;Charlotte Esteves;Ingénieur Commercial;Commercial;OU=Commercial,DC=corpb,DC=local;corpb.local;c.esteves@corpb.local;TRUE;FALSE;2024-07-20;2022-08-23;2018-02-17;GRP_Commercial_Users|GRP_CRM_Salesforce|GRP_All_CorpB;FALSE;FALSE;FALSE;FALSE;Ingénieur Commercial;
CB0018;l.deschamps;l.deschamps@corpb.local;Laura;Deschamps;Laura Deschamps;Ingénieur Commercial;Commercial;OU=Commercial,DC=corpb,DC=local;corpb.local;l.deschamps@corpb.local;TRUE;TRUE;2024-03-21;2024-07-18;2019-10-10;GRP_Commercial_Users|GRP_CRM_Salesforce|GRP_All_CorpB;FALSE;FALSE;FALSE;FALSE;Ingénieur Commercial;
CB0019;c.lambert;c.lambert@corpb.local;Charlotte;Lambert;Charlotte Lambert;Responsable Commercial;Commercial;OU=Commercial,DC=corpb,DC=local;corpb.local;c.lambert@corpb.local;TRUE;TRUE;2024-06-03;2023-09-04;2019-03-12;GRP_Commercial_Users|GRP_CRM_Salesforce|GRP_All_CorpB;FALSE;FALSE;FALSE;FALSE;Responsable Commercial;
CB0020;l.bonnet2;l.bonnet2@corpb.local;Lucie;Bonnet;Lucie Bonnet;Commercial;Commercial;OU=Commercial,DC=corpb,DC=local;corpb.local;l.bonnet2@corpb.local;TRUE;TRUE;2024-09-05;2024-09-27;2021-08-20;GRP_Commercial_Users|GRP_CRM_Salesforce|GRP_All_CorpB;FALSE;FALSE;FALSE;FALSE;Commercial;
CB0021;m.blanc;m.blanc@corpb.local;Marion;Blanc;Marion Blanc;Commercial;Commercial;OU=Commercial,DC=corpb,DC=local;corpb.local;m.blanc@corpb.local;TRUE;TRUE;2023-09-03;2023-05-09;2018-08-26;GRP_Commercial_Users|GRP_CRM_Salesforce|GRP_All_CorpB;FALSE;FALSE;FALSE;FALSE;Commercial;
CB0022;é.moreau;é.moreau@corpb.local;Élise;Moreau;Élise Moreau;Business Developer;Commercial;OU=Commercial,DC=corpb,DC=local;corpb.local;é.moreau@corpb.local;TRUE;FALSE;2024-06-29;2022-09-20;2019-05-31;GRP_Commercial_Users|GRP_CRM_Salesforce|GRP_All_CorpB;FALSE;FALSE;FALSE;FALSE;Business Developer;
CB0023;r.henry;r.henry@corpb.local;Romain;Henry;Romain Henry;Chargé(e) d'affaires;Commercial;OU=Commercial,DC=corpb,DC=local;corpb.local;r.henry@corpb.local;TRUE;FALSE;2023-08-05;2023-02-16;2024-01-18;GRP_Commercial_Users|GRP_CRM_Salesforce|GRP_All_CorpB;FALSE;FALSE;FALSE;FALSE;Chargé(e) d'affaires;
CB0024;l.noel;l.noel@corpb.local;Laetitia;Noel;Laetitia Noel;Account Manager;Commercial;OU=Commercial,DC=corpb,DC=local;corpb.local;l.noel@corpb.local;TRUE;TRUE;2023-05-04;2023-04-06;2020-10-12;GRP_Commercial_Users|GRP_CRM_Salesforce|GRP_All_CorpB;FALSE;FALSE;FALSE;FALSE;Account Manager;
CB0025;l.vogt;l.vogt@corpb.local;Laurent;Vogt;Laurent Vogt;Ingénieur Commercial;Commercial;OU=Commercial,DC=corpb,DC=local;corpb.local;l.vogt@corpb.local;TRUE;TRUE;2024-08-25;2022-01-15;2020-06-21;GRP_Commercial_Users|GRP_CRM_Salesforce|GRP_All_CorpB;FALSE;FALSE;FALSE;FALSE;Ingénieur Commercial;
CB0026;a.moreau;a.moreau@corpb.local;Alexandre;Moreau;Alexandre Moreau;Account Manager;Commercial;OU=Commercial,DC=corpb,DC=local;corpb.local;a.moreau@corpb.local;TRUE;TRUE;2023-02-02;2022-05-26;2021-09-15;GRP_Commercial_Users|GRP_CRM_Salesforce|GRP_All_CorpB;FALSE;FALSE;FALSE;FALSE;Account Manager;
CB0027;i.bertrand;i.bertrand@corpb.local;Isabelle;Bertrand;Isabelle Bertrand;Chargé(e) d'affaires;Commercial;OU=Commercial,DC=corpb,DC=local;corpb.local;i.bertrand@corpb.local;TRUE;TRUE;2024-08-07;2024-08-26;2024-06-18;GRP_Commercial_Users|GRP_CRM_Salesforce|GRP_All_CorpB;FALSE;FALSE;FALSE;FALSE;Chargé(e) d'affaires;
CB0028;i.lefebvre;i.lefebvre@corpb.local;Isabelle;Lefebvre;Isabelle Lefebvre;Chargé(e) d'affaires;Commercial;OU=Commercial,DC=corpb,DC=local;corpb.local;i.lefebvre@corpb.local;TRUE;FALSE;2023-04-10;2023-12-27;2022-11-01;GRP_Commercial_Users|GRP_CRM_Salesforce|GRP_All_CorpB;FALSE;FALSE;FALSE;FALSE;Chargé(e) d'affaires;
CB0029;s.durand;s.durand@corpb.local;Sarah;Durand;Sarah Durand;Ingénieur Commercial;Commercial;OU=Commercial,DC=corpb,DC=local;corpb.local;s.durand@corpb.local;TRUE;FALSE;2024-11-20;2022-05-05;2019-02-08;GRP_Commercial_Users|GRP_CRM_Salesforce|GRP_All_CorpB;FALSE;FALSE;FALSE;FALSE;Ingénieur Commercial;
CB0030;m.leroy;m.leroy@corpb.local;Margot;Leroy;Margot Leroy;Responsable Commercial;Commercial;OU=Commercial,DC=corpb,DC=local;corpb.local;m.leroy@corpb.local;TRUE;FALSE;2023-09-12;2023-01-25;2020-02-24;GRP_Commercial_Users|GRP_CRM_Salesforce|GRP_All_CorpB;FALSE;FALSE;FALSE;FALSE;Responsable Commercial;
CB0031;é.moulin;é.moulin@corpb.local;Émilie;Moulin;Émilie Moulin;Business Developer;Commercial;OU=Commercial,DC=corpb,DC=local;corpb.local;é.moulin@corpb.local;TRUE;FALSE;2024-04-18;2022-06-04;2020-10-20;GRP_Commercial_Users|GRP_CRM_Salesforce|GRP_All_CorpB;FALSE;FALSE;FALSE;FALSE;Business Developer;
CB0032;n.bernard;n.bernard@corpb.local;Nicolas;Bernard;Nicolas Bernard;Chargé(e) d'affaires;Commercial;OU=Commercial,DC=corpb,DC=local;corpb.local;n.bernard@corpb.local;TRUE;FALSE;2023-04-06;2022-12-07;2020-08-26;GRP_Commercial_Users|GRP_CRM_Salesforce|GRP_All_CorpB;FALSE;FALSE;FALSE;FALSE;Chargé(e) d'affaires;
CB0033;i.bourgeois;i.bourgeois@corpb.local;Isabelle;Bourgeois;Isabelle Bourgeois;Chargé(e) d'affaires;Commercial;OU=Commercial,DC=corpb,DC=local;corpb.local;i.bourgeois@corpb.local;TRUE;TRUE;2023-03-02;2024-02-16;2019-11-06;GRP_Commercial_Users|GRP_CRM_Salesforce|GRP_All_CorpB;FALSE;FALSE;FALSE;FALSE;Chargé(e) d'affaires;
CB0034;a.mallet;a.mallet@corpb.local;Adèle;Mallet;Adèle Mallet;Responsable Commercial;Commercial;OU=Commercial,DC=corpb,DC=local;corpb.local;a.mallet@corpb.local;TRUE;TRUE;2023-10-20;2024-09-23;2022-09-29;GRP_Commercial_Users|GRP_CRM_Salesforce|GRP_All_CorpB;FALSE;FALSE;FALSE;FALSE;Responsable Commercial;
CB0035;i.dubois;i.dubois@corpb.local;Isabelle;Dubois;Isabelle Dubois;Commercial;Commercial;OU=Commercial,DC=corpb,DC=local;corpb.local;i.dubois@corpb.local;TRUE;FALSE;2024-08-16;2022-05-05;2024-01-30;GRP_Commercial_Users|GRP_CRM_Salesforce|GRP_All_CorpB;FALSE;FALSE;FALSE;FALSE;Commercial;
CB0036;l.picard;l.picard@corpb.local;Laurent;Picard;Laurent Picard;Business Developer;Commercial;OU=Commercial,DC=corpb,DC=local;corpb.local;l.picard@corpb.local;TRUE;TRUE;2024-05-29;2022-11-19;2023-12-16;GRP_Commercial_Users|GRP_CRM_Salesforce|GRP_All_CorpB;FALSE;FALSE;FALSE;FALSE;Business Developer;
CB0037;x.fontaine;x.fontaine@corpb.local;Xavier;Fontaine;Xavier Fontaine;Chargé(e) d'affaires;Commercial;OU=Commercial,DC=corpb,DC=local;corpb.local;x.fontaine@corpb.local;TRUE;TRUE;2023-03-12;2022-05-20;2024-09-03;GRP_Commercial_Users|GRP_CRM_Salesforce|GRP_All_CorpB;FALSE;FALSE;FALSE;FALSE;Chargé(e) d'affaires;
CB0038;y.couture;y.couture@corpb.local;Yann;Couture;Yann Couture;Chargé(e) d'affaires;Commercial;OU=Commercial,DC=corpb,DC=local;corpb.local;y.couture@corpb.local;TRUE;TRUE;2024-08-15;2022-03-23;2024-09-01;GRP_Commercial_Users|GRP_CRM_Salesforce|GRP_All_CorpB;FALSE;FALSE;FALSE;FALSE;Chargé(e) d'affaires;
CB0039;a.arnaud;a.arnaud@corpb.local;Adèle;Arnaud;Adèle Arnaud;Chargé(e) d'affaires;Commercial;OU=Commercial,DC=corpb,DC=local;corpb.local;a.arnaud@corpb.local;TRUE;FALSE;2023-07-29;2023-05-04;2021-07-10;GRP_Commercial_Users|GRP_CRM_Salesforce|GRP_All_CorpB;FALSE;FALSE;FALSE;FALSE;Chargé(e) d'affaires;
CB0040;s.mercier9;s.mercier9@corpb.local;Stéphane;Mercier;Stéphane Mercier;Business Developer;Commercial;OU=Commercial,DC=corpb,DC=local;corpb.local;s.mercier9@corpb.local;TRUE;FALSE;2023-11-20;2022-01-20;2018-10-25;GRP_Commercial_Users|GRP_CRM_Salesforce|GRP_All_CorpB;FALSE;FALSE;FALSE;FALSE;Business Developer;
CB0041;p.leconte;p.leconte@corpb.local;Pierre;Leconte;Pierre Leconte;Commercial;Commercial;OU=Commercial,DC=corpb,DC=local;corpb.local;p.leconte@corpb.local;TRUE;FALSE;2024-06-02;2022-09-29;2020-12-22;GRP_Commercial_Users|GRP_CRM_Salesforce|GRP_All_CorpB;FALSE;FALSE;FALSE;FALSE;Commercial;
CB0042;f.imbert;f.imbert@corpb.local;Florian;Imbert;Florian Imbert;Ingénieur Commercial;Commercial;OU=Commercial,DC=corpb,DC=local;corpb.local;f.imbert@corpb.local;TRUE;TRUE;2023-06-11;2023-09-12;2022-11-30;GRP_Commercial_Users|GRP_CRM_Salesforce|GRP_All_CorpB;FALSE;FALSE;FALSE;FALSE;Ingénieur Commercial;
CB0043;a.leroy;a.leroy@corpb.local;Adèle;Leroy;Adèle Leroy;Ingénieur Commercial;Commercial;OU=Commercial,DC=corpb,DC=local;corpb.local;a.leroy@corpb.local;TRUE;TRUE;2023-05-18;2022-08-25;2020-12-19;GRP_Commercial_Users|GRP_CRM_Salesforce|GRP_All_CorpB;FALSE;FALSE;FALSE;FALSE;Ingénieur Commercial;
CB0044;r.imbert;r.imbert@corpb.local;Romain;Imbert;Romain Imbert;Ingénieur Commercial;Commercial;OU=Commercial,DC=corpb,DC=local;corpb.local;r.imbert@corpb.local;TRUE;TRUE;2024-09-11;2023-12-04;2020-05-12;GRP_Commercial_Users|GRP_CRM_Salesforce|GRP_All_CorpB;FALSE;FALSE;FALSE;FALSE;Ingénieur Commercial;
CB0045;c.charpentier;c.charpentier@corpb.local;Charlotte;Charpentier;Charlotte Charpentier;Account Manager;Commercial;OU=Commercial,DC=corpb,DC=local;corpb.local;c.charpentier@corpb.local;TRUE;FALSE;2023-09-15;2022-07-09;2018-07-28;GRP_Commercial_Users|GRP_CRM_Salesforce|GRP_All_CorpB;FALSE;FALSE;FALSE;FALSE;Account Manager;
CB0046;t.françois;t.françois@corpb.local;Thomas;François;Thomas François;Business Developer;Commercial;OU=Commercial,DC=corpb,DC=local;corpb.local;t.françois@corpb.local;TRUE;FALSE;2023-05-14;2022-11-27;2020-12-08;GRP_Commercial_Users|GRP_CRM_Salesforce|GRP_All_CorpB;FALSE;FALSE;FALSE;FALSE;Business Developer;
CB0047;m.bernard;m.bernard@corpb.local;Manon;Bernard;Manon Bernard;Account Manager;Commercial;OU=Commercial,DC=corpb,DC=local;corpb.local;m.bernard@corpb.local;TRUE;TRUE;2023-04-25;2022-11-02;2018-11-05;GRP_Commercial_Users|GRP_CRM_Salesforce|GRP_All_CorpB;FALSE;FALSE;FALSE;FALSE;Account Manager;
CB0048;a.bertrand;a.bertrand@corpb.local;Aurélien;Bertrand;Aurélien Bertrand;Account Manager;Commercial;OU=Commercial,DC=corpb,DC=local;corpb.local;a.bertrand@corpb.local;TRUE;TRUE;2023-02-12;2024-01-17;2021-06-16;GRP_Commercial_Users|GRP_CRM_Salesforce|GRP_All_CorpB;FALSE;FALSE;FALSE;FALSE;Account Manager;
CB0049;s.couture;s.couture@corpb.local;Stéphane;Couture;Stéphane Couture;Business Developer;Commercial;OU=Commercial,DC=corpb,DC=local;corpb.local;s.couture@corpb.local;TRUE;FALSE;2024-11-13;2023-12-26;2019-02-26;GRP_Commercial_Users|GRP_CRM_Salesforce|GRP_All_CorpB;FALSE;FALSE;FALSE;FALSE;Business Developer;
CB0050;c.faure;c.faure@corpb.local;Cédric;Faure;Cédric Faure;Responsable Commercial;Commercial;OU=Commercial,DC=corpb,DC=local;corpb.local;c.faure@corpb.local;TRUE;TRUE;2023-06-16;2024-04-24;2019-12-27;GRP_Commercial_Users|GRP_CRM_Salesforce|GRP_All_CorpB;FALSE;FALSE;FALSE;FALSE;Responsable Commercial;
CB0051;m.lemaire;m.lemaire@corpb.local;Margot;Lemaire;Margot Lemaire;Ingénieur Commercial;Commercial;OU=Commercial,DC=corpb,DC=local;corpb.local;m.lemaire@corpb.local;TRUE;TRUE;2024-11-16;2023-07-01;2020-10-13;GRP_Commercial_Users|GRP_CRM_Salesforce|GRP_All_CorpB;FALSE;FALSE;FALSE;FALSE;Ingénieur Commercial;
CB0052;m.robert;m.robert@corpb.local;Mathieu;Robert;Mathieu Robert;Account Manager;Commercial;OU=Commercial,DC=corpb,DC=local;corpb.local;m.robert@corpb.local;TRUE;FALSE;2024-04-26;2023-02-13;2020-06-30;GRP_Commercial_Users|GRP_CRM_Salesforce|GRP_All_CorpB;FALSE;FALSE;FALSE;FALSE;Account Manager;
CB0053;é.vogt;é.vogt@corpb.local;Élise;Vogt;Élise Vogt;Account Manager;Commercial;OU=Commercial,DC=corpb,DC=local;corpb.local;é.vogt@corpb.local;TRUE;FALSE;2023-08-17;2023-01-31;2018-04-07;GRP_Commercial_Users|GRP_CRM_Salesforce|GRP_All_CorpB;FALSE;FALSE;FALSE;FALSE;Account Manager;
CB0054;s.moreau;s.moreau@corpb.local;Sarah;Moreau;Sarah Moreau;Ingénieur Commercial;Commercial;OU=Commercial,DC=corpb,DC=local;corpb.local;s.moreau@corpb.local;TRUE;FALSE;2023-10-13;2024-11-09;2021-12-09;GRP_Commercial_Users|GRP_CRM_Salesforce|GRP_All_CorpB;FALSE;FALSE;FALSE;FALSE;Ingénieur Commercial;
CB0055;s.roux;s.roux@corpb.local;Sophie;Roux;Sophie Roux;Commercial;Commercial;OU=Commercial,DC=corpb,DC=local;corpb.local;s.roux@corpb.local;TRUE;TRUE;2023-09-25;2023-06-28;2020-01-02;GRP_Commercial_Users|GRP_CRM_Salesforce|GRP_All_CorpB;FALSE;FALSE;FALSE;FALSE;Commercial;
CB0056;a.garnier;a.garnier@corpb.local;Aurélie;Garnier;Aurélie Garnier;Chargé(e) d'affaires;Commercial;OU=Commercial,DC=corpb,DC=local;corpb.local;a.garnier@corpb.local;TRUE;TRUE;2024-03-22;2024-11-13;2024-10-19;GRP_Commercial_Users|GRP_CRM_Salesforce|GRP_All_CorpB;FALSE;FALSE;FALSE;FALSE;Chargé(e) d'affaires;
CB0057;r.richard;r.richard@corpb.local;Romain;Richard;Romain Richard;Account Manager;Commercial;OU=Commercial,DC=corpb,DC=local;corpb.local;r.richard@corpb.local;TRUE;TRUE;2024-12-26;2022-01-04;2022-11-22;GRP_Commercial_Users|GRP_CRM_Salesforce|GRP_All_CorpB;FALSE;FALSE;FALSE;FALSE;Account Manager;
CB0058;j.françois;j.françois@corpb.local;Julie;François;Julie François;Business Developer;Commercial;OU=Commercial,DC=corpb,DC=local;corpb.local;j.françois@corpb.local;TRUE;FALSE;2024-09-30;2022-09-13;2021-07-09;GRP_Commercial_Users|GRP_CRM_Salesforce|GRP_All_CorpB;FALSE;FALSE;FALSE;FALSE;Business Developer;
CB0059;a.lemaire;a.lemaire@corpb.local;Amandine;Lemaire;Amandine Lemaire;Responsable Commercial;Commercial;OU=Commercial,DC=corpb,DC=local;corpb.local;a.lemaire@corpb.local;TRUE;TRUE;2023-12-01;2023-08-29;2022-07-07;GRP_Commercial_Users|GRP_CRM_Salesforce|GRP_All_CorpB;FALSE;FALSE;FALSE;FALSE;Responsable Commercial;
CB0060;a.renard4;a.renard4@corpb.local;Amandine;Renard;Amandine Renard;Chargé(e) d'affaires;Commercial;OU=Commercial,DC=corpb,DC=local;corpb.local;a.renard4@corpb.local;FALSE;TRUE;2022-06-14;2020-09-08;2021-05-20;GRP_Commercial_Users|GRP_CRM_Salesforce|GRP_All_CorpB;TRUE;FALSE;FALSE;FALSE;Compte inactif — dernière connexion > 18 mois;
CB0061;b.imbert;b.imbert@corpb.local;Baptiste;Imbert;Baptiste Imbert;Chargé(e) d'affaires;Commercial;OU=Commercial,DC=corpb,DC=local;corpb.local;b.imbert@corpb.local;TRUE;FALSE;2023-08-04;2023-10-22;2022-10-27;GRP_Commercial_Users|GRP_CRM_Salesforce|GRP_All_CorpB;FALSE;FALSE;FALSE;FALSE;Chargé(e) d'affaires;
CB0062;a.leconte;a.leconte@corpb.local;Amandine;Leconte;Amandine Leconte;Account Manager;Commercial;OU=Commercial,DC=corpb,DC=local;corpb.local;a.leconte@corpb.local;TRUE;TRUE;2024-06-07;2022-12-14;2023-04-23;GRP_Commercial_Users|GRP_CRM_Salesforce|GRP_All_CorpB;FALSE;FALSE;FALSE;FALSE;Account Manager;
CB0063;j.faure;j.faure@corpb.local;Julie;Faure;Julie Faure;Responsable Commercial;Commercial;OU=Commercial,DC=corpb,DC=local;corpb.local;j.faure@corpb.local;TRUE;TRUE;2024-11-19;2023-04-06;2021-06-25;GRP_Commercial_Users|GRP_CRM_Salesforce|GRP_All_CorpB;FALSE;FALSE;FALSE;FALSE;Responsable Commercial;
CB0064;n.couture;n.couture@corpb.local;Nicolas;Couture;Nicolas Couture;Chargé(e) d'affaires;Commercial;OU=Commercial,DC=corpb,DC=local;corpb.local;n.couture@corpb.local;TRUE;FALSE;2024-05-01;2022-05-30;2024-11-08;GRP_Commercial_Users|GRP_CRM_Salesforce|GRP_All_CorpB;FALSE;FALSE;FALSE;FALSE;Chargé(e) d'affaires;
CB0065;é.schmitt;é.schmitt@corpb.local;Éric;Schmitt;Éric Schmitt;Ingénieur Commercial;Commercial;OU=Commercial,DC=corpb,DC=local;corpb.local;é.schmitt@corpb.local;TRUE;TRUE;2024-05-21;2023-05-15;2022-06-25;GRP_Commercial_Users|GRP_CRM_Salesforce|GRP_All_CorpB;FALSE;FALSE;FALSE;FALSE;Ingénieur Commercial;
CB0066;y.leroy;y.leroy@corpb.local;Yann;Leroy;Yann Leroy;Commercial;Commercial;OU=Commercial,DC=corpb,DC=local;corpb.local;y.leroy@corpb.local;TRUE;FALSE;2024-03-11;2022-12-27;2020-06-15;GRP_Commercial_Users|GRP_CRM_Salesforce|GRP_All_CorpB;FALSE;FALSE;FALSE;FALSE;Commercial;
CB0067;c.david;c.david@corpb.local;Cédric;David;Cédric David;Chargé(e) d'affaires;Commercial;OU=Commercial,DC=corpb,DC=local;corpb.local;c.david@corpb.local;TRUE;FALSE;2024-04-12;2024-08-09;2019-07-01;GRP_Commercial_Users|GRP_CRM_Salesforce|GRP_All_CorpB;FALSE;FALSE;FALSE;FALSE;Chargé(e) d'affaires;
CB0068;é.noel;é.noel@corpb.local;Élise;Noel;Élise Noel;Responsable Commercial;Commercial;OU=Commercial,DC=corpb,DC=local;corpb.local;é.noel@corpb.local;TRUE;FALSE;2023-06-12;2024-07-10;2023-04-29;GRP_Commercial_Users|GRP_CRM_Salesforce|GRP_All_CorpB;FALSE;FALSE;FALSE;FALSE;Responsable Commercial;
CB0069;l.charpentier;l.charpentier@corpb.local;Lucie;Charpentier;Lucie Charpentier;Commercial;Commercial;OU=Commercial,DC=corpb,DC=local;corpb.local;l.charpentier@corpb.local;TRUE;FALSE;2024-10-03;2023-07-17;2020-09-06;GRP_Commercial_Users|GRP_CRM_Salesforce|GRP_All_CorpB;FALSE;FALSE;FALSE;FALSE;Commercial;
CB0070;c.benali;c.benali@corpb.local;Céline;Benali;Céline Benali;Responsable Commercial;Commercial;OU=Commercial,DC=corpb,DC=local;corpb.local;c.benali@corpb.local;TRUE;TRUE;2023-12-10;2022-06-15;2021-08-02;GRP_Commercial_Users|GRP_CRM_Salesforce|GRP_All_CorpB;FALSE;FALSE;FALSE;FALSE;Responsable Commercial;
CB0071;m.girard;m.girard@corpb.local;Mathieu;Girard;Mathieu Girard;Chargé(e) d'affaires;Commercial;OU=Commercial,DC=corpb,DC=local;corpb.local;m.girard@corpb.local;TRUE;FALSE;2024-12-24;2022-05-12;2020-05-26;GRP_Commercial_Users|GRP_CRM_Salesforce|GRP_All_CorpB;FALSE;FALSE;FALSE;FALSE;Chargé(e) d'affaires;
CB0072;m.leclercq;m.leclercq@corpb.local;Manon;Leclercq;Manon Leclercq;Chargé(e) d'affaires;Commercial;OU=Commercial,DC=corpb,DC=local;corpb.local;m.leclercq@corpb.local;TRUE;FALSE;2024-03-01;2023-02-28;2018-09-13;GRP_Commercial_Users|GRP_CRM_Salesforce|GRP_All_CorpB;FALSE;FALSE;FALSE;FALSE;Chargé(e) d'affaires;
CB0073;x.renard;x.renard@corpb.local;Xavier;Renard;Xavier Renard;Chargé(e) d'affaires;Commercial;OU=Commercial,DC=corpb,DC=local;corpb.local;x.renard@corpb.local;TRUE;FALSE;2024-05-03;2023-12-22;2018-01-25;GRP_Commercial_Users|GRP_CRM_Salesforce|GRP_All_CorpB;FALSE;FALSE;FALSE;FALSE;Chargé(e) d'affaires;
CB0074;m.perrin;m.perrin@corpb.local;Manon;Perrin;Manon Perrin;Chargé(e) d'affaires;Commercial;OU=Commercial,DC=corpb,DC=local;corpb.local;m.perrin@corpb.local;TRUE;FALSE;2024-05-14;2023-07-13;2020-06-17;GRP_Commercial_Users|GRP_CRM_Salesforce|GRP_All_CorpB;FALSE;FALSE;FALSE;FALSE;Chargé(e) d'affaires;
CB0075;m.legrand;m.legrand@corpb.local;Mathieu;Legrand;Mathieu Legrand;Responsable Commercial;Commercial;OU=Commercial,DC=corpb,DC=local;corpb.local;m.legrand@corpb.local;TRUE;FALSE;2024-11-15;2022-12-05;2022-07-15;GRP_Commercial_Users|GRP_CRM_Salesforce|GRP_All_CorpB;FALSE;FALSE;FALSE;FALSE;Responsable Commercial;
CB0076;c.colin;c.colin@corpb.local;Cédric;Colin;Cédric Colin;Ingénieur Commercial;Commercial;OU=Commercial,DC=corpb,DC=local;corpb.local;c.colin@corpb.local;TRUE;TRUE;2024-08-29;2022-02-25;2024-04-30;GRP_Commercial_Users|GRP_CRM_Salesforce|GRP_All_CorpB;FALSE;FALSE;FALSE;FALSE;Ingénieur Commercial;
CB0077;c.leclercq;c.leclercq@corpb.local;Camille;Leclercq;Camille Leclercq;Account Manager;Commercial;OU=Commercial,DC=corpb,DC=local;corpb.local;c.leclercq@corpb.local;TRUE;FALSE;2023-07-06;2023-06-17;2018-07-25;GRP_Commercial_Users|GRP_CRM_Salesforce|GRP_All_CorpB;FALSE;FALSE;FALSE;FALSE;Account Manager;
CB0078;d.chevalier;d.chevalier@corpb.local;Damien;Chevalier;Damien Chevalier;Account Manager;Commercial;OU=Commercial,DC=corpb,DC=local;corpb.local;d.chevalier@corpb.local;TRUE;FALSE;2023-12-12;2023-07-24;2022-04-02;GRP_Commercial_Users|GRP_CRM_Salesforce|GRP_All_CorpB;FALSE;FALSE;FALSE;FALSE;Account Manager;
CB0079;k.thomas;k.thomas@corpb.local;Kevin;Thomas;Kevin Thomas;Ingénieur Commercial;Commercial;OU=Commercial,DC=corpb,DC=local;corpb.local;k.thomas@corpb.local;TRUE;TRUE;2024-07-06;2023-12-18;2018-08-02;GRP_Commercial_Users|GRP_CRM_Salesforce|GRP_All_CorpB;FALSE;FALSE;FALSE;FALSE;Ingénieur Commercial;
CB0080;p.richard2;p.richard2@corpb.local;Patrick;Richard;Patrick Richard;Responsable Commercial;Commercial;OU=Commercial,DC=corpb,DC=local;corpb.local;p.richard2@corpb.local;TRUE;TRUE;2023-09-11;2022-02-11;2020-03-27;GRP_Commercial_Users|GRP_CRM_Salesforce|GRP_All_CorpB;FALSE;FALSE;FALSE;FALSE;Responsable Commercial;
CB0081;k.roux;k.roux@corpb.local;Kevin;Roux;Kevin Roux;Account Manager;Commercial;OU=Commercial,DC=corpb,DC=local;corpb.local;k.roux@corpb.local;TRUE;FALSE;2024-07-31;2024-08-10;2020-06-11;GRP_Commercial_Users|GRP_CRM_Salesforce|GRP_All_CorpB;FALSE;FALSE;FALSE;FALSE;Account Manager;
CB0082;f.roux;f.roux@corpb.local;Franck;Roux;Franck Roux;Account Manager;Commercial;OU=Commercial,DC=corpb,DC=local;corpb.local;f.roux@corpb.local;TRUE;TRUE;2023-06-17;2022-08-10;2021-06-28;GRP_Commercial_Users|GRP_CRM_Salesforce|GRP_All_CorpB;FALSE;FALSE;FALSE;FALSE;Account Manager;
CB0083;p.vincent;p.vincent@corpb.local;Pauline;Vincent;Pauline Vincent;Ingénieur Commercial;Commercial;OU=Commercial,DC=corpb,DC=local;corpb.local;p.vincent@corpb.local;TRUE;TRUE;2023-03-19;2023-05-13;2024-08-22;GRP_Commercial_Users|GRP_CRM_Salesforce|GRP_All_CorpB;FALSE;FALSE;FALSE;FALSE;Ingénieur Commercial;
CB0084;s.david;s.david@corpb.local;Sarah;David;Sarah David;Ingénieur Commercial;Commercial;OU=Commercial,DC=corpb,DC=local;corpb.local;s.david@corpb.local;TRUE;FALSE;2024-08-02;2023-12-13;2018-06-18;GRP_Commercial_Users|GRP_CRM_Salesforce|GRP_All_CorpB;FALSE;FALSE;FALSE;FALSE;Ingénieur Commercial;
CB0085;j.legrand;j.legrand@corpb.local;Julie;Legrand;Julie Legrand;Chargé(e) d'affaires;Commercial;OU=Commercial,DC=corpb,DC=local;corpb.local;j.legrand@corpb.local;TRUE;TRUE;2023-01-13;2024-09-30;2022-09-17;GRP_Commercial_Users|GRP_CRM_Salesforce|GRP_All_CorpB;FALSE;FALSE;FALSE;FALSE;Chargé(e) d'affaires;
CB0086;n.mallet;n.mallet@corpb.local;Nadège;Mallet;Nadège Mallet;Ingénieur Commercial;Commercial;OU=Commercial,DC=corpb,DC=local;corpb.local;n.mallet@corpb.local;TRUE;TRUE;2024-12-25;2024-06-10;2019-09-19;GRP_Commercial_Users|GRP_CRM_Salesforce|GRP_All_CorpB;FALSE;FALSE;FALSE;FALSE;Ingénieur Commercial;
CB0087;l.picard;l.picard@corpb.local;Léa;Picard;Léa Picard;Responsable Commercial;Commercial;OU=Commercial,DC=corpb,DC=local;corpb.local;l.picard@corpb.local;TRUE;FALSE;2024-04-21;2023-07-04;2022-11-20;GRP_Commercial_Users|GRP_CRM_Salesforce|GRP_All_CorpB;FALSE;FALSE;FALSE;FALSE;Responsable Commercial;
CB0088;r.noel;r.noel@corpb.local;Romain;Noel;Romain Noel;Commercial;Commercial;OU=Commercial,DC=corpb,DC=local;corpb.local;r.noel@corpb.local;TRUE;FALSE;2023-09-07;2024-02-16;2023-03-19;GRP_Commercial_Users|GRP_CRM_Salesforce|GRP_All_CorpB;FALSE;FALSE;FALSE;FALSE;Commercial;
CB0089;s.chevalier;s.chevalier@corpb.local;Sarah;Chevalier;Sarah Chevalier;Account Manager;Commercial;OU=Commercial,DC=corpb,DC=local;corpb.local;s.chevalier@corpb.local;TRUE;FALSE;2023-07-06;2023-03-11;2023-06-21;GRP_Commercial_Users|GRP_CRM_Salesforce|GRP_All_CorpB;FALSE;FALSE;FALSE;FALSE;Account Manager;
CB0090;n.moulin;n.moulin@corpb.local;Nathalie;Moulin;Nathalie Moulin;Commercial;Commercial;OU=Commercial,DC=corpb,DC=local;corpb.local;n.moulin@corpb.local;TRUE;TRUE;2024-07-23;2024-11-24;2018-02-11;GRP_Commercial_Users|GRP_CRM_Salesforce|GRP_All_CorpB;FALSE;FALSE;FALSE;FALSE;Commercial;
CB0091;t.lemaire;t.lemaire@corpb.local;Thierry;Lemaire;Thierry Lemaire;Analyste;Technique;OU=Technique,DC=corpb,DC=local;corpb.local;t.lemaire@corpb.local;TRUE;FALSE;2024-05-15;2023-05-08;2024-03-24;GRP_Tech_Devs|GRP_Tech_DevOps|GRP_GitLab_Users|GRP_Jira_Agents|GRP_All_CorpB;FALSE;FALSE;FALSE;FALSE;Analyste;
CB0092;l.thomas;l.thomas@corpb.local;Laetitia;Thomas;Laetitia Thomas;Analyste;Technique;OU=Technique,DC=corpb,DC=local;corpb.local;l.thomas@corpb.local;TRUE;FALSE;2023-04-06;2023-03-30;2021-04-20;GRP_Tech_Devs|GRP_Tech_DevOps|GRP_GitLab_Users|GRP_Jira_Agents|GRP_All_CorpB;FALSE;FALSE;FALSE;FALSE;Analyste;
CB0093;b.caron;b.caron@corpb.local;Baptiste;Caron;Baptiste Caron;DevOps Engineer;Technique;OU=Technique,DC=corpb,DC=local;corpb.local;b.caron@corpb.local;TRUE;FALSE;2024-04-29;2024-12-23;2024-03-17;GRP_Tech_Devs|GRP_Tech_DevOps|GRP_GitLab_Users|GRP_Jira_Agents|GRP_All_CorpB;FALSE;FALSE;FALSE;FALSE;DevOps Engineer;
CB0094;a.mallet;a.mallet@corpb.local;Aurélie;Mallet;Aurélie Mallet;Développeur;Technique;OU=Technique,DC=corpb,DC=local;corpb.local;a.mallet@corpb.local;TRUE;TRUE;2023-10-05;2023-05-30;2021-06-09;GRP_Tech_Devs|GRP_Tech_DevOps|GRP_GitLab_Users|GRP_Jira_Agents|GRP_All_CorpB;FALSE;FALSE;FALSE;FALSE;Développeur;
CB0095;s.david;s.david@corpb.local;Sébastien;David;Sébastien David;Analyste;Technique;OU=Technique,DC=corpb,DC=local;corpb.local;s.david@corpb.local;TRUE;TRUE;2024-07-02;2023-01-28;2020-01-29;GRP_Tech_Devs|GRP_Tech_DevOps|GRP_GitLab_Users|GRP_Jira_Agents|GRP_All_CorpB;FALSE;FALSE;FALSE;FALSE;Analyste;
CB0096;svc_technique_096;svc_technique_096@corpb.local;SVC;TECHNIQUE_096;SVC TECHNIQUE_096;Compte de Service;Technique;OU=Technique,DC=corpb,DC=local;corpb.local;svc_technique_096@corpb.local;TRUE;TRUE;2023-04-13;2023-08-30;2020-03-06;GRP_Tech_Devs|GRP_Tech_DevOps|GRP_GitLab_Users|GRP_Jira_Agents|GRP_All_CorpB;FALSE;FALSE;TRUE;FALSE;Compte de service — usage applicatif Technique;
CB0097;é.mercier;é.mercier@corpb.local;Émilie;Mercier;Émilie Mercier;Développeur;Technique;OU=Technique,DC=corpb,DC=local;corpb.local;é.mercier@corpb.local;TRUE;FALSE;2023-01-15;2022-09-17;2023-12-28;GRP_Tech_Devs|GRP_Tech_DevOps|GRP_GitLab_Users|GRP_Jira_Agents|GRP_All_CorpB;FALSE;FALSE;FALSE;FALSE;Développeur;
CB0098;c.deschamps;c.deschamps@corpb.local;Christophe;Deschamps;Christophe Deschamps;Chef de Projet Technique;Technique;OU=Technique,DC=corpb,DC=local;corpb.local;c.deschamps@corpb.local;TRUE;TRUE;2024-12-15;2024-10-02;2019-06-02;GRP_Tech_Devs|GRP_Tech_DevOps|GRP_GitLab_Users|GRP_Jira_Agents|GRP_All_CorpB;FALSE;FALSE;FALSE;FALSE;Chef de Projet Technique;
CB0099;l.imbert;l.imbert@corpb.local;Laurent;Imbert;Laurent Imbert;Développeuse;Technique;OU=Technique,DC=corpb,DC=local;corpb.local;l.imbert@corpb.local;TRUE;FALSE;2024-04-25;2024-06-21;2023-05-15;GRP_Tech_Devs|GRP_Tech_DevOps|GRP_GitLab_Users|GRP_Jira_Agents|GRP_All_CorpB;FALSE;FALSE;FALSE;FALSE;Développeuse;
CB0100;r.picard3;r.picard3@corpb.local;Romain;Picard;Romain Picard;Architecte;Technique;OU=Technique,DC=corpb,DC=local;corpb.local;r.picard3@corpb.local;TRUE;TRUE;2023-03-08;2024-10-04;2022-06-30;GRP_Tech_Devs|GRP_Tech_DevOps|GRP_GitLab_Users|GRP_Jira_Agents|GRP_All_CorpB;FALSE;FALSE;FALSE;FALSE;Architecte;
CB0101;a.girard;a.girard@corpb.local;Antoine;Girard;Antoine Girard;Développeur;Technique;OU=Technique,DC=corpb,DC=local;corpb.local;a.girard@corpb.local;TRUE;TRUE;2024-07-30;2022-06-24;2021-05-29;GRP_Tech_Devs|GRP_Tech_DevOps|GRP_GitLab_Users|GRP_Jira_Agents|GRP_All_CorpB;FALSE;FALSE;FALSE;FALSE;Développeur;
CB0102;l.perrin;l.perrin@corpb.local;Léa;Perrin;Léa Perrin;Lead Dev;Technique;OU=Technique,DC=corpb,DC=local;corpb.local;l.perrin@corpb.local;TRUE;FALSE;2024-06-19;2024-07-11;2022-04-08;GRP_Tech_Devs|GRP_Tech_DevOps|GRP_GitLab_Users|GRP_Jira_Agents|GRP_All_CorpB;FALSE;FALSE;FALSE;FALSE;Lead Dev;
CB0103;s.dubois;s.dubois@corpb.local;Sandrine;Dubois;Sandrine Dubois;Lead Dev;Technique;OU=Technique,DC=corpb,DC=local;corpb.local;s.dubois@corpb.local;TRUE;TRUE;2024-09-16;2023-03-02;2019-02-11;GRP_Tech_Devs|GRP_Tech_DevOps|GRP_GitLab_Users|GRP_Jira_Agents|GRP_All_CorpB;FALSE;FALSE;FALSE;FALSE;Lead Dev;
CB0104;svc_technique_104;svc_technique_104@corpb.local;SVC;TECHNIQUE_104;SVC TECHNIQUE_104;Compte de Service;Technique;OU=Technique,DC=corpb,DC=local;corpb.local;svc_technique_104@corpb.local;TRUE;TRUE;2023-06-27;2022-06-03;2024-03-10;GRP_Tech_Devs|GRP_Tech_DevOps|GRP_GitLab_Users|GRP_Jira_Agents|GRP_All_CorpB;FALSE;FALSE;TRUE;FALSE;Compte de service — usage applicatif Technique;
CB0105;a.noel;a.noel@corpb.local;Aurélien;Noel;Aurélien Noel;Développeur;Technique;OU=Technique,DC=corpb,DC=local;corpb.local;a.noel@corpb.local;TRUE;FALSE;2024-12-06;2024-08-20;2024-08-29;GRP_Tech_Devs|GRP_Tech_DevOps|GRP_GitLab_Users|GRP_Jira_Agents|GRP_All_CorpB;FALSE;FALSE;FALSE;FALSE;Développeur;
CB0106;b.imbert;b.imbert@corpb.local;Baptiste;Imbert;Baptiste Imbert;Lead Dev;Technique;OU=Technique,DC=corpb,DC=local;corpb.local;b.imbert@corpb.local;TRUE;TRUE;2024-12-20;2022-05-26;2023-02-03;GRP_Tech_Devs|GRP_Tech_DevOps|GRP_GitLab_Users|GRP_Jira_Agents|GRP_All_CorpB;FALSE;FALSE;FALSE;FALSE;Lead Dev;
CB0107;a.roux;a.roux@corpb.local;Aurélien;Roux;Aurélien Roux;Chef de Projet Technique;Technique;OU=Technique,DC=corpb,DC=local;corpb.local;a.roux@corpb.local;TRUE;FALSE;2024-07-11;2022-11-02;2020-07-09;GRP_Tech_Devs|GRP_Tech_DevOps|GRP_GitLab_Users|GRP_Jira_Agents|GRP_All_CorpB;FALSE;FALSE;FALSE;FALSE;Chef de Projet Technique;
CB0108;p.dubois;p.dubois@corpb.local;Pierre;Dubois;Pierre Dubois;Développeur;Technique;OU=Technique,DC=corpb,DC=local;corpb.local;p.dubois@corpb.local;TRUE;FALSE;2023-06-19;2023-08-15;2021-06-13;GRP_Tech_Devs|GRP_Tech_DevOps|GRP_GitLab_Users|GRP_Jira_Agents|GRP_All_CorpB;FALSE;FALSE;FALSE;FALSE;Développeur;
CB0109;c.mercier;c.mercier@corpb.local;Claire;Mercier;Claire Mercier;DevOps Engineer;Technique;OU=Technique,DC=corpb,DC=local;corpb.local;c.mercier@corpb.local;TRUE;FALSE;2024-12-17;2023-07-12;2022-07-07;GRP_Tech_Devs|GRP_Tech_DevOps|GRP_GitLab_Users|GRP_Jira_Agents|GRP_All_CorpB;FALSE;FALSE;FALSE;FALSE;DevOps Engineer;
CB0110;f.richard;f.richard@corpb.local;Franck;Richard;Franck Richard;Développeur;Technique;OU=Technique,DC=corpb,DC=local;corpb.local;f.richard@corpb.local;TRUE;TRUE;2024-03-18;2023-05-28;2021-08-13;GRP_Tech_Devs|GRP_Tech_DevOps|GRP_GitLab_Users|GRP_Jira_Agents|GRP_All_CorpB;FALSE;FALSE;FALSE;FALSE;Développeur;
CB0111;s.thomas;s.thomas@corpb.local;Stéphane;Thomas;Stéphane Thomas;DevOps Engineer;Technique;OU=Technique,DC=corpb,DC=local;corpb.local;s.thomas@corpb.local;TRUE;TRUE;2024-11-19;2022-03-24;2021-01-08;GRP_Tech_Devs|GRP_Tech_DevOps|GRP_GitLab_Users|GRP_Jira_Agents|GRP_All_CorpB;FALSE;FALSE;FALSE;FALSE;DevOps Engineer;
CB0112;svc_technique_112;svc_technique_112@corpb.local;SVC;TECHNIQUE_112;SVC TECHNIQUE_112;Compte de Service;Technique;OU=Technique,DC=corpb,DC=local;corpb.local;svc_technique_112@corpb.local;TRUE;TRUE;2023-07-05;2024-06-11;2024-07-25;GRP_Tech_Devs|GRP_Tech_DevOps|GRP_GitLab_Users|GRP_Jira_Agents|GRP_All_CorpB|GRP_Domain_Admins_Local;FALSE;TRUE;TRUE;FALSE;;
CB0113;j.brun;j.brun@corpb.local;Julie;Brun;Julie Brun;Analyste;Technique;OU=Technique,DC=corpb,DC=local;corpb.local;j.brun@corpb.local;TRUE;FALSE;2023-12-23;2023-11-14;2022-07-31;GRP_Tech_Devs|GRP_Tech_DevOps|GRP_GitLab_Users|GRP_Jira_Agents|GRP_All_CorpB;FALSE;FALSE;FALSE;FALSE;Analyste;
CB0114;x.bonnet;x.bonnet@corpb.local;Xavier;Bonnet;Xavier Bonnet;Analyste;Technique;OU=Technique,DC=corpb,DC=local;corpb.local;x.bonnet@corpb.local;TRUE;FALSE;2023-12-04;2024-10-11;2022-08-14;GRP_Tech_Devs|GRP_Tech_DevOps|GRP_GitLab_Users|GRP_Jira_Agents|GRP_All_CorpB;FALSE;FALSE;FALSE;FALSE;Analyste;
CB0115;é.robert;é.robert@corpb.local;Élise;Robert;Élise Robert;Lead Dev;Technique;OU=Technique,DC=corpb,DC=local;corpb.local;é.robert@corpb.local;TRUE;FALSE;2024-04-10;2023-10-07;2018-12-27;GRP_Tech_Devs|GRP_Tech_DevOps|GRP_GitLab_Users|GRP_Jira_Agents|GRP_All_CorpB;FALSE;FALSE;FALSE;FALSE;Lead Dev;
CB0116;p.bourgeois;p.bourgeois@corpb.local;Patrick;Bourgeois;Patrick Bourgeois;Développeur;Technique;OU=Technique,DC=corpb,DC=local;corpb.local;p.bourgeois@corpb.local;TRUE;FALSE;2024-06-10;2024-08-04;2018-01-05;GRP_Tech_Devs|GRP_Tech_DevOps|GRP_GitLab_Users|GRP_Jira_Agents|GRP_All_CorpB;FALSE;FALSE;FALSE;FALSE;Développeur;
CB0117;j.perrot;j.perrot@corpb.local;Jonathan;Perrot;Jonathan Perrot;Développeuse;Technique;OU=Technique,DC=corpb,DC=local;corpb.local;j.perrot@corpb.local;TRUE;TRUE;2024-09-29;2024-06-24;2023-08-04;GRP_Tech_Devs|GRP_Tech_DevOps|GRP_GitLab_Users|GRP_Jira_Agents|GRP_All_CorpB;FALSE;FALSE;FALSE;FALSE;Développeuse;
CB0118;m.bertrand;m.bertrand@corpb.local;Manon;Bertrand;Manon Bertrand;Développeur;Technique;OU=Technique,DC=corpb,DC=local;corpb.local;m.bertrand@corpb.local;TRUE;TRUE;2023-10-22;2024-09-19;2022-11-30;GRP_Tech_Devs|GRP_Tech_DevOps|GRP_GitLab_Users|GRP_Jira_Agents|GRP_All_CorpB;FALSE;FALSE;FALSE;FALSE;Développeur;
CB0119;é.bonnet;é.bonnet@corpb.local;Éric;Bonnet;Éric Bonnet;Développeur;Technique;OU=Technique,DC=corpb,DC=local;corpb.local;é.bonnet@corpb.local;TRUE;FALSE;2023-11-15;2022-01-29;2024-03-06;GRP_Tech_Devs|GRP_Tech_DevOps|GRP_GitLab_Users|GRP_Jira_Agents|GRP_All_CorpB;FALSE;FALSE;FALSE;FALSE;Développeur;
CB0120;svc_technique_120;svc_technique_120@corpb.local;SVC;TECHNIQUE_120;SVC TECHNIQUE_120;Compte de Service;Technique;OU=Technique,DC=corpb,DC=local;corpb.local;svc_technique_120@corpb.local;FALSE;TRUE;2019-08-29;2019-11-12;2022-04-07;GRP_Tech_Devs|GRP_Tech_DevOps|GRP_GitLab_Users|GRP_Jira_Agents|GRP_All_CorpB;TRUE;FALSE;TRUE;FALSE;Compte inactif — dernière connexion > 18 mois;
CB0121;c.benali;c.benali@corpb.local;Charlotte;Benali;Charlotte Benali;DevOps Engineer;Technique;OU=Technique,DC=corpb,DC=local;corpb.local;c.benali@corpb.local;TRUE;TRUE;2024-03-01;2024-08-25;2023-05-31;GRP_Tech_Devs|GRP_Tech_DevOps|GRP_GitLab_Users|GRP_Jira_Agents|GRP_All_CorpB;FALSE;FALSE;FALSE;FALSE;DevOps Engineer;
CB0122;m.rousseau;m.rousseau@corpb.local;Mathieu;Rousseau;Mathieu Rousseau;Lead Dev;Technique;OU=Technique,DC=corpb,DC=local;corpb.local;m.rousseau@corpb.local;TRUE;TRUE;2024-09-05;2022-10-07;2023-09-13;GRP_Tech_Devs|GRP_Tech_DevOps|GRP_GitLab_Users|GRP_Jira_Agents|GRP_All_CorpB;FALSE;FALSE;FALSE;FALSE;Lead Dev;
CB0123;v.benali;v.benali@corpb.local;Valérie;Benali;Valérie Benali;Chef de Projet Technique;Technique;OU=Technique,DC=corpb,DC=local;corpb.local;v.benali@corpb.local;TRUE;FALSE;2023-01-03;2023-09-04;2021-03-04;GRP_Tech_Devs|GRP_Tech_DevOps|GRP_GitLab_Users|GRP_Jira_Agents|GRP_All_CorpB;FALSE;FALSE;FALSE;FALSE;Chef de Projet Technique;
CB0124;d.picard;d.picard@corpb.local;Damien;Picard;Damien Picard;Lead Dev;Technique;OU=Technique,DC=corpb,DC=local;corpb.local;d.picard@corpb.local;TRUE;FALSE;2023-12-20;2024-02-12;2021-09-23;GRP_Tech_Devs|GRP_Tech_DevOps|GRP_GitLab_Users|GRP_Jira_Agents|GRP_All_CorpB;FALSE;FALSE;FALSE;FALSE;Lead Dev;
CB0125;é.faure;é.faure@corpb.local;Éric;Faure;Éric Faure;Développeur;Technique;OU=Technique,DC=corpb,DC=local;corpb.local;é.faure@corpb.local;TRUE;FALSE;2024-08-08;2023-04-24;2022-04-18;GRP_Tech_Devs|GRP_Tech_DevOps|GRP_GitLab_Users|GRP_Jira_Agents|GRP_All_CorpB;FALSE;FALSE;FALSE;FALSE;Développeur;
CB0126;i.brun;i.brun@corpb.local;Inès;Brun;Inès Brun;DevOps Engineer;Technique;OU=Technique,DC=corpb,DC=local;corpb.local;i.brun@corpb.local;TRUE;TRUE;2024-12-23;2024-03-01;2022-04-11;GRP_Tech_Devs|GRP_Tech_DevOps|GRP_GitLab_Users|GRP_Jira_Agents|GRP_All_CorpB;FALSE;FALSE;FALSE;FALSE;DevOps Engineer;
CB0127;a.françois;a.françois@corpb.local;Antoine;François;Antoine François;Développeur;Technique;OU=Technique,DC=corpb,DC=local;corpb.local;a.françois@corpb.local;TRUE;FALSE;2023-04-13;2022-07-24;2022-12-09;GRP_Tech_Devs|GRP_Tech_DevOps|GRP_GitLab_Users|GRP_Jira_Agents|GRP_All_CorpB;FALSE;FALSE;FALSE;FALSE;Développeur;
CB0128;svc_technique_128;svc_technique_128@corpb.local;SVC;TECHNIQUE_128;SVC TECHNIQUE_128;Compte de Service;Technique;OU=Technique,DC=corpb,DC=local;corpb.local;svc_technique_128@corpb.local;TRUE;TRUE;2023-03-18;2023-06-27;2023-04-08;GRP_Tech_Devs|GRP_Tech_DevOps|GRP_GitLab_Users|GRP_Jira_Agents|GRP_All_CorpB;FALSE;FALSE;TRUE;FALSE;Compte de service — usage applicatif Technique;
CB0129;n.simon;n.simon@corpb.local;Nadège;Simon;Nadège Simon;Analyste;Technique;OU=Technique,DC=corpb,DC=local;corpb.local;n.simon@corpb.local;TRUE;FALSE;2023-12-03;2024-02-18;2023-12-26;GRP_Tech_Devs|GRP_Tech_DevOps|GRP_GitLab_Users|GRP_Jira_Agents|GRP_All_CorpB;FALSE;FALSE;FALSE;FALSE;Analyste;
CB0130;s.robert;s.robert@corpb.local;Sarah;Robert;Sarah Robert;Développeuse;Technique;OU=Technique,DC=corpb,DC=local;corpb.local;s.robert@corpb.local;TRUE;FALSE;2024-09-24;2023-04-26;2018-10-08;GRP_Tech_Devs|GRP_Tech_DevOps|GRP_GitLab_Users|GRP_Jira_Agents|GRP_All_CorpB;FALSE;FALSE;FALSE;FALSE;Développeuse;
CB0131;a.lefebvre;a.lefebvre@corpb.local;Aurélien;Lefebvre;Aurélien Lefebvre;Analyste;Technique;OU=Technique,DC=corpb,DC=local;corpb.local;a.lefebvre@corpb.local;TRUE;TRUE;2024-10-10;2024-06-27;2019-02-16;GRP_Tech_Devs|GRP_Tech_DevOps|GRP_GitLab_Users|GRP_Jira_Agents|GRP_All_CorpB;FALSE;FALSE;FALSE;FALSE;Analyste;
CB0132;m.petit;m.petit@corpb.local;Marion;Petit;Marion Petit;Lead Dev;Technique;OU=Technique,DC=corpb,DC=local;corpb.local;m.petit@corpb.local;TRUE;FALSE;2023-02-17;2022-04-25;2021-08-21;GRP_Tech_Devs|GRP_Tech_DevOps|GRP_GitLab_Users|GRP_Jira_Agents|GRP_All_CorpB;FALSE;FALSE;FALSE;FALSE;Lead Dev;
CB0133;a.fournier;a.fournier@corpb.local;Anaïs;Fournier;Anaïs Fournier;Développeuse;Technique;OU=Technique,DC=corpb,DC=local;corpb.local;a.fournier@corpb.local;TRUE;TRUE;2023-09-08;2024-04-23;2023-12-16;GRP_Tech_Devs|GRP_Tech_DevOps|GRP_GitLab_Users|GRP_Jira_Agents|GRP_All_CorpB;FALSE;FALSE;FALSE;FALSE;Développeuse;
CB0134;p.renard;p.renard@corpb.local;Pierre;Renard;Pierre Renard;Développeuse;Technique;OU=Technique,DC=corpb,DC=local;corpb.local;p.renard@corpb.local;TRUE;TRUE;2024-09-26;2024-10-16;2020-09-13;GRP_Tech_Devs|GRP_Tech_DevOps|GRP_GitLab_Users|GRP_Jira_Agents|GRP_All_CorpB;FALSE;FALSE;FALSE;FALSE;Développeuse;
CB0135;n.esteves;n.esteves@corpb.local;Nadège;Esteves;Nadège Esteves;Lead Dev;Technique;OU=Technique,DC=corpb,DC=local;corpb.local;n.esteves@corpb.local;TRUE;FALSE;2024-04-15;2022-01-20;2020-11-11;GRP_Tech_Devs|GRP_Tech_DevOps|GRP_GitLab_Users|GRP_Jira_Agents|GRP_All_CorpB;FALSE;FALSE;FALSE;FALSE;Lead Dev;
CB0136;svc_technique_136;svc_technique_136@corpb.local;SVC;TECHNIQUE_136;SVC TECHNIQUE_136;Compte de Service;Technique;OU=Technique,DC=corpb,DC=local;corpb.local;svc_technique_136@corpb.local;TRUE;TRUE;2023-12-20;2023-09-05;2024-08-03;GRP_Tech_Devs|GRP_Tech_DevOps|GRP_GitLab_Users|GRP_Jira_Agents|GRP_All_CorpB;FALSE;FALSE;TRUE;FALSE;Compte de service — usage applicatif Technique;
CB0137;c.esteves;c.esteves@corpb.local;Claire;Esteves;Claire Esteves;Chef de Projet Technique;Technique;OU=Technique,DC=corpb,DC=local;corpb.local;c.esteves@corpb.local;TRUE;FALSE;2024-04-12;2023-02-12;2021-05-22;GRP_Tech_Devs|GRP_Tech_DevOps|GRP_GitLab_Users|GRP_Jira_Agents|GRP_All_CorpB;FALSE;FALSE;FALSE;FALSE;Chef de Projet Technique;
CB0138;l.faure;l.faure@corpb.local;Laura;Faure;Laura Faure;Analyste;Technique;OU=Technique,DC=corpb,DC=local;corpb.local;l.faure@corpb.local;TRUE;FALSE;2024-01-26;2024-01-06;2024-05-31;GRP_Tech_Devs|GRP_Tech_DevOps|GRP_GitLab_Users|GRP_Jira_Agents|GRP_All_CorpB;FALSE;FALSE;FALSE;FALSE;Analyste;
CB0139;s.colin;s.colin@corpb.local;Sophie;Colin;Sophie Colin;Chef de Projet Technique;Technique;OU=Technique,DC=corpb,DC=local;corpb.local;s.colin@corpb.local;TRUE;FALSE;2023-10-09;2022-04-11;2018-02-03;GRP_Tech_Devs|GRP_Tech_DevOps|GRP_GitLab_Users|GRP_Jira_Agents|GRP_All_CorpB;FALSE;FALSE;FALSE;FALSE;Chef de Projet Technique;
CB0140;l.vogt7;l.vogt7@corpb.local;Lucie;Vogt;Lucie Vogt;Analyste;Technique;OU=Technique,DC=corpb,DC=local;corpb.local;l.vogt7@corpb.local;TRUE;TRUE;2023-08-13;2023-05-29;2020-02-18;GRP_Tech_Devs|GRP_Tech_DevOps|GRP_GitLab_Users|GRP_Jira_Agents|GRP_All_CorpB|GRP_Domain_Admins_Local;FALSE;TRUE;FALSE;FALSE;Analyste;
CB0141;y.richard;y.richard@corpb.local;Yann;Richard;Yann Richard;Analyste;Technique;OU=Technique,DC=corpb,DC=local;corpb.local;y.richard@corpb.local;TRUE;FALSE;2023-11-13;2022-03-10;2022-12-11;GRP_Tech_Devs|GRP_Tech_DevOps|GRP_GitLab_Users|GRP_Jira_Agents|GRP_All_CorpB;FALSE;FALSE;FALSE;FALSE;Analyste;
CB0142;p.deschamps;p.deschamps@corpb.local;Pierre;Deschamps;Pierre Deschamps;Développeuse;Technique;OU=Technique,DC=corpb,DC=local;corpb.local;p.deschamps@corpb.local;TRUE;TRUE;2023-12-01;2022-12-26;2022-08-29;GRP_Tech_Devs|GRP_Tech_DevOps|GRP_GitLab_Users|GRP_Jira_Agents|GRP_All_CorpB;FALSE;FALSE;FALSE;FALSE;Développeuse;
CB0143;c.benali;c.benali@corpb.local;Charlotte;Benali;Charlotte Benali;Analyste;Technique;OU=Technique,DC=corpb,DC=local;corpb.local;c.benali@corpb.local;TRUE;FALSE;2023-06-18;2024-09-13;2020-11-18;GRP_Tech_Devs|GRP_Tech_DevOps|GRP_GitLab_Users|GRP_Jira_Agents|GRP_All_CorpB;FALSE;FALSE;FALSE;FALSE;Analyste;
CB0144;svc_technique_144;svc_technique_144@corpb.local;SVC;TECHNIQUE_144;SVC TECHNIQUE_144;Compte de Service;Technique;OU=Technique,DC=corpb,DC=local;corpb.local;svc_technique_144@corpb.local;TRUE;TRUE;2024-04-24;2022-10-16;2018-11-05;GRP_Tech_Devs|GRP_Tech_DevOps|GRP_GitLab_Users|GRP_Jira_Agents|GRP_All_CorpB;FALSE;FALSE;TRUE;FALSE;Compte de service — usage applicatif Technique;
CB0145;x.colin;x.colin@corpb.local;Xavier;Colin;Xavier Colin;Développeur;Technique;OU=Technique,DC=corpb,DC=local;corpb.local;x.colin@corpb.local;TRUE;FALSE;2024-07-24;2022-07-04;2022-02-07;GRP_Tech_Devs|GRP_Tech_DevOps|GRP_GitLab_Users|GRP_Jira_Agents|GRP_All_CorpB;FALSE;FALSE;FALSE;FALSE;Développeur;
CB0146;m.david;m.david@corpb.local;Manon;David;Manon David;Chef de Projet Technique;Technique;OU=Technique,DC=corpb,DC=local;corpb.local;m.david@corpb.local;TRUE;FALSE;2024-04-10;2023-06-21;2022-02-18;GRP_Tech_Devs|GRP_Tech_DevOps|GRP_GitLab_Users|GRP_Jira_Agents|GRP_All_CorpB;FALSE;FALSE;FALSE;FALSE;Chef de Projet Technique;
CB0147;l.vogt;l.vogt@corpb.local;Laura;Vogt;Laura Vogt;Analyste;Technique;OU=Technique,DC=corpb,DC=local;corpb.local;l.vogt@corpb.local;TRUE;TRUE;2024-04-27;2023-11-03;2018-04-13;GRP_Tech_Devs|GRP_Tech_DevOps|GRP_GitLab_Users|GRP_Jira_Agents|GRP_All_CorpB;FALSE;FALSE;FALSE;FALSE;Analyste;
CB0148;d.leclercq;d.leclercq@corpb.local;David;Leclercq;David Leclercq;Développeuse;Technique;OU=Technique,DC=corpb,DC=local;corpb.local;d.leclercq@corpb.local;TRUE;TRUE;2024-12-18;2024-04-16;2021-05-22;GRP_Tech_Devs|GRP_Tech_DevOps|GRP_GitLab_Users|GRP_Jira_Agents|GRP_All_CorpB;FALSE;FALSE;FALSE;FALSE;Développeuse;
CB0149;n.mercier;n.mercier@corpb.local;Nicolas;Mercier;Nicolas Mercier;Architecte;Technique;OU=Technique,DC=corpb,DC=local;corpb.local;n.mercier@corpb.local;TRUE;TRUE;2024-05-19;2022-07-19;2019-04-21;GRP_Tech_Devs|GRP_Tech_DevOps|GRP_GitLab_Users|GRP_Jira_Agents|GRP_All_CorpB;FALSE;FALSE;FALSE;FALSE;Architecte;
CB0150;m.mallet;m.mallet@corpb.local;Mathieu;Mallet;Mathieu Mallet;DevOps Engineer;Technique;OU=Technique,DC=corpb,DC=local;corpb.local;m.mallet@corpb.local;TRUE;TRUE;2024-01-15;2024-05-08;2024-01-22;GRP_Tech_Devs|GRP_Tech_DevOps|GRP_GitLab_Users|GRP_Jira_Agents|GRP_All_CorpB;FALSE;FALSE;FALSE;FALSE;DevOps Engineer;
CB0151;o.charpentier;o.charpentier@corpb.local;Olivier;Charpentier;Olivier Charpentier;Analyste;Technique;OU=Technique,DC=corpb,DC=local;corpb.local;o.charpentier@corpb.local;TRUE;TRUE;2024-09-22;2023-07-27;2022-07-30;GRP_Tech_Devs|GRP_Tech_DevOps|GRP_GitLab_Users|GRP_Jira_Agents|GRP_All_CorpB;FALSE;FALSE;FALSE;FALSE;Analyste;
CB0152;svc_technique_152;svc_technique_152@corpb.local;SVC;TECHNIQUE_152;SVC TECHNIQUE_152;Compte de Service;Technique;OU=Technique,DC=corpb,DC=local;corpb.local;svc_technique_152@corpb.local;TRUE;TRUE;2024-03-31;2024-01-13;2020-08-25;GRP_Tech_Devs|GRP_Tech_DevOps|GRP_GitLab_Users|GRP_Jira_Agents|GRP_All_CorpB;FALSE;FALSE;TRUE;FALSE;Compte de service — usage applicatif Technique;
CB0153;m.garcia;m.garcia@corpb.local;Manon;Garcia;Manon Garcia;Développeur;Technique;OU=Technique,DC=corpb,DC=local;corpb.local;m.garcia@corpb.local;TRUE;TRUE;2023-03-04;2023-07-20;2022-06-19;GRP_Tech_Devs|GRP_Tech_DevOps|GRP_GitLab_Users|GRP_Jira_Agents|GRP_All_CorpB;FALSE;FALSE;FALSE;FALSE;Développeur;
CB0154;j.leconte;j.leconte@corpb.local;Julie;Leconte;Julie Leconte;Chef de Projet Technique;Technique;OU=Technique,DC=corpb,DC=local;corpb.local;j.leconte@corpb.local;TRUE;TRUE;2024-10-19;2022-02-13;2024-09-11;GRP_Tech_Devs|GRP_Tech_DevOps|GRP_GitLab_Users|GRP_Jira_Agents|GRP_All_CorpB;FALSE;FALSE;FALSE;FALSE;Chef de Projet Technique;
CB0155;c.bertrand;c.bertrand@corpb.local;Céline;Bertrand;Céline Bertrand;Architecte;Technique;OU=Technique,DC=corpb,DC=local;corpb.local;c.bertrand@corpb.local;TRUE;TRUE;2024-08-01;2022-05-21;2020-04-20;GRP_Tech_Devs|GRP_Tech_DevOps|GRP_GitLab_Users|GRP_Jira_Agents|GRP_All_CorpB;FALSE;FALSE;FALSE;FALSE;Architecte;
CB0156;o.vogt;o.vogt@corpb.local;Olivier;Vogt;Olivier Vogt;Chef de Projet Technique;Technique;OU=Technique,DC=corpb,DC=local;corpb.local;o.vogt@corpb.local;TRUE;FALSE;2023-12-03;2022-01-06;2019-08-28;GRP_Tech_Devs|GRP_Tech_DevOps|GRP_GitLab_Users|GRP_Jira_Agents|GRP_All_CorpB;FALSE;FALSE;FALSE;FALSE;Chef de Projet Technique;
CB0157;a.esteves;a.esteves@corpb.local;Antoine;Esteves;Antoine Esteves;Développeur;Technique;OU=Technique,DC=corpb,DC=local;corpb.local;a.esteves@corpb.local;TRUE;TRUE;2023-06-28;2022-02-22;2019-03-27;GRP_Tech_Devs|GRP_Tech_DevOps|GRP_GitLab_Users|GRP_Jira_Agents|GRP_All_CorpB;FALSE;FALSE;FALSE;FALSE;Développeur;
CB0158;m.faure;m.faure@corpb.local;Margot;Faure;Margot Faure;Lead Dev;Technique;OU=Technique,DC=corpb,DC=local;corpb.local;m.faure@corpb.local;TRUE;TRUE;2024-08-25;2022-02-02;2021-08-19;GRP_Tech_Devs|GRP_Tech_DevOps|GRP_GitLab_Users|GRP_Jira_Agents|GRP_All_CorpB;FALSE;FALSE;FALSE;FALSE;Lead Dev;
CB0159;a.masson;a.masson@corpb.local;Antoine;Masson;Antoine Masson;DevOps Engineer;Technique;OU=Technique,DC=corpb,DC=local;corpb.local;a.masson@corpb.local;TRUE;FALSE;2024-06-22;2022-05-11;2019-04-11;GRP_Tech_Devs|GRP_Tech_DevOps|GRP_GitLab_Users|GRP_Jira_Agents|GRP_All_CorpB;FALSE;FALSE;FALSE;FALSE;DevOps Engineer;
CB0160;svc_technique_160;svc_technique_160@corpb.local;SVC;TECHNIQUE_160;SVC TECHNIQUE_160;Compte de Service;Technique;OU=Technique,DC=corpb,DC=local;corpb.local;svc_technique_160@corpb.local;TRUE;TRUE;2024-05-30;2022-03-30;2020-06-26;GRP_Tech_Devs|GRP_Tech_DevOps|GRP_GitLab_Users|GRP_Jira_Agents|GRP_All_CorpB;FALSE;FALSE;TRUE;FALSE;Compte de service — usage applicatif Technique;
CB0161;l.petit;l.petit@corpb.local;Laetitia;Petit;Laetitia Petit;Analyste;Technique;OU=Technique,DC=corpb,DC=local;corpb.local;l.petit@corpb.local;TRUE;FALSE;2023-03-04;2024-04-02;2023-05-16;GRP_Tech_Devs|GRP_Tech_DevOps|GRP_GitLab_Users|GRP_Jira_Agents|GRP_All_CorpB;FALSE;FALSE;FALSE;FALSE;Analyste;
CB0162;k.lemaire;k.lemaire@corpb.local;Kevin;Lemaire;Kevin Lemaire;Développeur;Technique;OU=Technique,DC=corpb,DC=local;corpb.local;k.lemaire@corpb.local;TRUE;TRUE;2023-03-17;2023-10-22;2018-11-27;GRP_Tech_Devs|GRP_Tech_DevOps|GRP_GitLab_Users|GRP_Jira_Agents|GRP_All_CorpB;FALSE;FALSE;FALSE;FALSE;Développeur;
CB0163;r.chevalier;r.chevalier@corpb.local;Romain;Chevalier;Romain Chevalier;DevOps Engineer;Technique;OU=Technique,DC=corpb,DC=local;corpb.local;r.chevalier@corpb.local;TRUE;FALSE;2024-01-26;2024-12-22;2024-09-12;GRP_Tech_Devs|GRP_Tech_DevOps|GRP_GitLab_Users|GRP_Jira_Agents|GRP_All_CorpB;FALSE;FALSE;FALSE;FALSE;DevOps Engineer;
CB0164;l.roux;l.roux@corpb.local;Laura;Roux;Laura Roux;DevOps Engineer;Technique;OU=Technique,DC=corpb,DC=local;corpb.local;l.roux@corpb.local;TRUE;FALSE;2024-11-01;2023-03-17;2024-03-08;GRP_Tech_Devs|GRP_Tech_DevOps|GRP_GitLab_Users|GRP_Jira_Agents|GRP_All_CorpB;FALSE;FALSE;FALSE;FALSE;DevOps Engineer;
CB0165;a.legrand;a.legrand@corpb.local;Aurélien;Legrand;Aurélien Legrand;Lead Dev;Technique;OU=Technique,DC=corpb,DC=local;corpb.local;a.legrand@corpb.local;TRUE;TRUE;2024-04-09;2024-05-01;2022-06-22;GRP_Tech_Devs|GRP_Tech_DevOps|GRP_GitLab_Users|GRP_Jira_Agents|GRP_All_CorpB;FALSE;FALSE;FALSE;FALSE;Lead Dev;
CB0166;v.esteves;v.esteves@corpb.local;Valérie;Esteves;Valérie Esteves;Développeur;Technique;OU=Technique,DC=corpb,DC=local;corpb.local;v.esteves@corpb.local;TRUE;TRUE;2024-01-19;2024-08-29;2019-09-18;GRP_Tech_Devs|GRP_Tech_DevOps|GRP_GitLab_Users|GRP_Jira_Agents|GRP_All_CorpB;FALSE;FALSE;FALSE;FALSE;Développeur;
CB0167;p.robin;p.robin@corpb.local;Pierre;Robin;Pierre Robin;Architecte;Technique;OU=Technique,DC=corpb,DC=local;corpb.local;p.robin@corpb.local;TRUE;TRUE;2023-04-09;2022-09-24;2022-03-07;GRP_Tech_Devs|GRP_Tech_DevOps|GRP_GitLab_Users|GRP_Jira_Agents|GRP_All_CorpB;FALSE;FALSE;FALSE;FALSE;Architecte;
CB0168;svc_technique_168;svc_technique_168@corpb.local;SVC;TECHNIQUE_168;SVC TECHNIQUE_168;Compte de Service;Technique;OU=Technique,DC=corpb,DC=local;corpb.local;svc_technique_168@corpb.local;TRUE;TRUE;2024-02-25;2024-05-16;2021-12-19;GRP_Tech_Devs|GRP_Tech_DevOps|GRP_GitLab_Users|GRP_Jira_Agents|GRP_All_CorpB|GRP_Domain_Admins_Local;FALSE;TRUE;TRUE;FALSE;;
CB0169;b.blanc;b.blanc@corpb.local;Baptiste;Blanc;Baptiste Blanc;Développeuse;Technique;OU=Technique,DC=corpb,DC=local;corpb.local;b.blanc@corpb.local;TRUE;TRUE;2023-12-27;2024-11-05;2019-03-01;GRP_Tech_Devs|GRP_Tech_DevOps|GRP_GitLab_Users|GRP_Jira_Agents|GRP_All_CorpB;FALSE;FALSE;FALSE;FALSE;Développeuse;
CB0170;c.leroy;c.leroy@corpb.local;Céline;Leroy;Céline Leroy;Chef de Projet Technique;Technique;OU=Technique,DC=corpb,DC=local;corpb.local;c.leroy@corpb.local;TRUE;TRUE;2023-12-25;2024-01-23;2024-03-28;GRP_Tech_Devs|GRP_Tech_DevOps|GRP_GitLab_Users|GRP_Jira_Agents|GRP_All_CorpB;FALSE;FALSE;FALSE;FALSE;Chef de Projet Technique;
CB0171;a.perrin;a.perrin@corpb.local;Alice;Perrin;Alice Perrin;Développeur;Technique;OU=Technique,DC=corpb,DC=local;corpb.local;a.perrin@corpb.local;TRUE;FALSE;2024-03-15;2022-02-23;2024-04-16;GRP_Tech_Devs|GRP_Tech_DevOps|GRP_GitLab_Users|GRP_Jira_Agents|GRP_All_CorpB;FALSE;FALSE;FALSE;FALSE;Développeur;
CB0172;r.blanc;r.blanc@corpb.local;Romain;Blanc;Romain Blanc;Chef de Projet Technique;Technique;OU=Technique,DC=corpb,DC=local;corpb.local;r.blanc@corpb.local;TRUE;TRUE;2023-12-14;2022-01-13;2021-12-08;GRP_Tech_Devs|GRP_Tech_DevOps|GRP_GitLab_Users|GRP_Jira_Agents|GRP_All_CorpB;FALSE;FALSE;FALSE;FALSE;Chef de Projet Technique;
CB0173;l.bourgeois;l.bourgeois@corpb.local;Laurent;Bourgeois;Laurent Bourgeois;Analyste;Technique;OU=Technique,DC=corpb,DC=local;corpb.local;l.bourgeois@corpb.local;TRUE;TRUE;2023-03-13;2022-03-04;2019-08-05;GRP_Tech_Devs|GRP_Tech_DevOps|GRP_GitLab_Users|GRP_Jira_Agents|GRP_All_CorpB;FALSE;FALSE;FALSE;FALSE;Analyste;
CB0174;m.masson;m.masson@corpb.local;Mathieu;Masson;Mathieu Masson;Lead Dev;Technique;OU=Technique,DC=corpb,DC=local;corpb.local;m.masson@corpb.local;TRUE;FALSE;2024-04-09;2022-11-19;2021-10-28;GRP_Tech_Devs|GRP_Tech_DevOps|GRP_GitLab_Users|GRP_Jira_Agents|GRP_All_CorpB;FALSE;FALSE;FALSE;FALSE;Lead Dev;
CB0175;l.simon;l.simon@corpb.local;Lucie;Simon;Lucie Simon;Analyste;Technique;OU=Technique,DC=corpb,DC=local;corpb.local;l.simon@corpb.local;TRUE;TRUE;2023-02-23;2022-11-19;2019-09-30;GRP_Tech_Devs|GRP_Tech_DevOps|GRP_GitLab_Users|GRP_Jira_Agents|GRP_All_CorpB;FALSE;FALSE;FALSE;FALSE;Analyste;
CB0176;r.lemaire;r.lemaire@corpb.local;Romain;Lemaire;Romain Lemaire;Assistante RH;RH;OU=RH,DC=corpb,DC=local;corpb.local;r.lemaire@corpb.local;TRUE;FALSE;2024-11-08;2024-09-21;2022-10-03;GRP_RH_Users|GRP_BambooHR_Access|GRP_All_CorpB;FALSE;FALSE;FALSE;FALSE;Assistante RH;
CB0177;i.roux;i.roux@corpb.local;Isabelle;Roux;Isabelle Roux;HRBP;RH;OU=RH,DC=corpb,DC=local;corpb.local;i.roux@corpb.local;TRUE;FALSE;2023-12-20;2022-08-16;2022-10-27;GRP_RH_Users|GRP_BambooHR_Access|GRP_All_CorpB;FALSE;FALSE;FALSE;FALSE;HRBP;
CB0178;c.blanc;c.blanc@corpb.local;Charlotte;Blanc;Charlotte Blanc;Chargé(e) RH;RH;OU=RH,DC=corpb,DC=local;corpb.local;c.blanc@corpb.local;TRUE;TRUE;2023-02-16;2024-03-20;2020-06-22;GRP_RH_Users|GRP_BambooHR_Access|GRP_All_CorpB;FALSE;FALSE;FALSE;FALSE;Chargé(e) RH;
CB0179;b.leconte;b.leconte@corpb.local;Baptiste;Leconte;Baptiste Leconte;Chargé(e) RH;RH;OU=RH,DC=corpb,DC=local;corpb.local;b.leconte@corpb.local;TRUE;FALSE;2023-05-21;2023-08-16;2020-11-12;GRP_RH_Users|GRP_BambooHR_Access|GRP_All_CorpB;FALSE;FALSE;FALSE;FALSE;Chargé(e) RH;
CB0180;k.robin4;k.robin4@corpb.local;Kevin;Robin;Kevin Robin;Responsable RH;RH;OU=RH,DC=corpb,DC=local;corpb.local;k.robin4@corpb.local;FALSE;TRUE;2019-09-22;2021-12-26;2019-04-07;GRP_RH_Users|GRP_BambooHR_Access|GRP_All_CorpB;TRUE;FALSE;FALSE;FALSE;Compte inactif — dernière connexion > 18 mois;
CB0181;j.colin;j.colin@corpb.local;Julie;Colin;Julie Colin;Chargé(e) RH;RH;OU=RH,DC=corpb,DC=local;corpb.local;j.colin@corpb.local;TRUE;FALSE;2023-02-13;2022-02-08;2022-11-22;GRP_RH_Users|GRP_BambooHR_Access|GRP_All_CorpB;FALSE;FALSE;FALSE;FALSE;Chargé(e) RH;
CB0182;a.henry;a.henry@corpb.local;Alice;Henry;Alice Henry;Chargé(e) RH;RH;OU=RH,DC=corpb,DC=local;corpb.local;a.henry@corpb.local;TRUE;FALSE;2024-08-10;2024-05-05;2022-07-15;GRP_RH_Users|GRP_BambooHR_Access|GRP_All_CorpB;FALSE;FALSE;FALSE;FALSE;Chargé(e) RH;
CB0183;s.chevalier;s.chevalier@corpb.local;Sophie;Chevalier;Sophie Chevalier;Chargé(e) RH;RH;OU=RH,DC=corpb,DC=local;corpb.local;s.chevalier@corpb.local;TRUE;FALSE;2023-06-25;2024-07-31;2024-12-06;GRP_RH_Users|GRP_BambooHR_Access|GRP_All_CorpB;FALSE;FALSE;FALSE;FALSE;Chargé(e) RH;
CB0184;s.leroy;s.leroy@corpb.local;Sarah;Leroy;Sarah Leroy;Assistante RH;RH;OU=RH,DC=corpb,DC=local;corpb.local;s.leroy@corpb.local;TRUE;TRUE;2023-09-07;2024-03-31;2022-11-20;GRP_RH_Users|GRP_BambooHR_Access|GRP_All_CorpB;FALSE;FALSE;FALSE;FALSE;Assistante RH;
CB0185;i.legrand;i.legrand@corpb.local;Inès;Legrand;Inès Legrand;HRBP;RH;OU=RH,DC=corpb,DC=local;corpb.local;i.legrand@corpb.local;TRUE;TRUE;2023-08-15;2022-12-11;2021-09-26;GRP_RH_Users|GRP_BambooHR_Access|GRP_All_CorpB;FALSE;FALSE;FALSE;FALSE;HRBP;
CB0186;j.rousseau;j.rousseau@corpb.local;Jonathan;Rousseau;Jonathan Rousseau;Chargé(e) RH;RH;OU=RH,DC=corpb,DC=local;corpb.local;j.rousseau@corpb.local;TRUE;TRUE;2023-12-24;2022-10-30;2021-12-09;GRP_RH_Users|GRP_BambooHR_Access|GRP_All_CorpB;FALSE;FALSE;FALSE;FALSE;Chargé(e) RH;
CB0187;r.vincent;r.vincent@corpb.local;Romain;Vincent;Romain Vincent;Responsable RH;RH;OU=RH,DC=corpb,DC=local;corpb.local;r.vincent@corpb.local;TRUE;TRUE;2023-06-27;2022-11-10;2024-10-03;GRP_RH_Users|GRP_BambooHR_Access|GRP_All_CorpB;FALSE;FALSE;FALSE;FALSE;Responsable RH;
CB0188;l.noel;l.noel@corpb.local;Laetitia;Noel;Laetitia Noel;Responsable RH;RH;OU=RH,DC=corpb,DC=local;corpb.local;l.noel@corpb.local;TRUE;FALSE;2024-11-28;2023-10-24;2024-05-01;GRP_RH_Users|GRP_BambooHR_Access|GRP_All_CorpB;FALSE;FALSE;FALSE;FALSE;Responsable RH;
CB0189;j.brun;j.brun@corpb.local;Julie;Brun;Julie Brun;Gestionnaire Paie;RH;OU=RH,DC=corpb,DC=local;corpb.local;j.brun@corpb.local;TRUE;TRUE;2024-03-28;2023-07-17;2021-05-25;GRP_RH_Users|GRP_BambooHR_Access|GRP_All_CorpB;FALSE;FALSE;FALSE;FALSE;Gestionnaire Paie;
CB0190;b.leclercq;b.leclercq@corpb.local;Baptiste;Leclercq;Baptiste Leclercq;Gestionnaire Paie;RH;OU=RH,DC=corpb,DC=local;corpb.local;b.leclercq@corpb.local;TRUE;FALSE;2024-04-07;2022-04-27;2018-06-04;GRP_RH_Users|GRP_BambooHR_Access|GRP_All_CorpB;FALSE;FALSE;FALSE;FALSE;Gestionnaire Paie;
CB0191;d.michel;d.michel@corpb.local;David;Michel;David Michel;Assistante RH;RH;OU=RH,DC=corpb,DC=local;corpb.local;d.michel@corpb.local;TRUE;FALSE;2024-09-21;2024-11-04;2024-08-30;GRP_RH_Users|GRP_BambooHR_Access|GRP_All_CorpB;FALSE;FALSE;FALSE;FALSE;Assistante RH;
CB0192;d.rousseau;d.rousseau@corpb.local;Damien;Rousseau;Damien Rousseau;Chargé(e) RH;RH;OU=RH,DC=corpb,DC=local;corpb.local;d.rousseau@corpb.local;TRUE;TRUE;2023-11-26;2024-09-01;2024-10-14;GRP_RH_Users|GRP_BambooHR_Access|GRP_All_CorpB;FALSE;FALSE;FALSE;FALSE;Chargé(e) RH;
CB0193;l.legrand;l.legrand@corpb.local;Laura;Legrand;Laura Legrand;Responsable RH;RH;OU=RH,DC=corpb,DC=local;corpb.local;l.legrand@corpb.local;TRUE;TRUE;2023-03-28;2022-12-20;2023-08-29;GRP_RH_Users|GRP_BambooHR_Access|GRP_All_CorpB;FALSE;FALSE;FALSE;FALSE;Responsable RH;
CB0194;l.bonnet;l.bonnet@corpb.local;Laetitia;Bonnet;Laetitia Bonnet;Assistante RH;RH;OU=RH,DC=corpb,DC=local;corpb.local;l.bonnet@corpb.local;TRUE;FALSE;2024-01-08;2023-08-03;2022-03-08;GRP_RH_Users|GRP_BambooHR_Access|GRP_All_CorpB;FALSE;FALSE;FALSE;FALSE;Assistante RH;
CB0195;a.durand;a.durand@corpb.local;Amandine;Durand;Amandine Durand;Chargé(e) RH;RH;OU=RH,DC=corpb,DC=local;corpb.local;a.durand@corpb.local;TRUE;FALSE;2024-10-08;2022-05-15;2021-10-02;GRP_RH_Users|GRP_BambooHR_Access|GRP_All_CorpB;FALSE;FALSE;FALSE;FALSE;Chargé(e) RH;
CB0196;s.esteves;s.esteves@corpb.local;Sandrine;Esteves;Sandrine Esteves;Chargé(e) RH;RH;OU=RH,DC=corpb,DC=local;corpb.local;s.esteves@corpb.local;TRUE;FALSE;2024-11-03;2022-11-04;2024-10-04;GRP_RH_Users|GRP_BambooHR_Access|GRP_All_CorpB;FALSE;FALSE;FALSE;FALSE;Chargé(e) RH;
CB0197;c.gauthier;c.gauthier@corpb.local;Cédric;Gauthier;Cédric Gauthier;Gestionnaire Paie;RH;OU=RH,DC=corpb,DC=local;corpb.local;c.gauthier@corpb.local;TRUE;TRUE;2023-11-14;2022-09-22;2022-05-25;GRP_RH_Users|GRP_BambooHR_Access|GRP_All_CorpB;FALSE;FALSE;FALSE;FALSE;Gestionnaire Paie;
CB0198;n.françois;n.françois@legacy.corpb.local;Nadège;François;Nadège François;Développeur Externe;Prestataires;OU=Prestataires,DC=legacy,DC=corpb;legacy.corpb.local;n.françois@legacy.corpb.local;TRUE;FALSE;2023-05-11;2022-07-11;2023-11-27;GRP_Prestataires_External|GRP_Jira_Agents;FALSE;FALSE;FALSE;FALSE;Développeur Externe;
CB0199;f.blanc;f.blanc@legacy.corpb.local;Florian;Blanc;Florian Blanc;Prestataire;Prestataires;OU=Prestataires,DC=legacy,DC=corpb;legacy.corpb.local;f.blanc@legacy.corpb.local;TRUE;FALSE;2023-07-04;2023-12-01;2020-05-27;GRP_Prestataires_External|GRP_Jira_Agents;FALSE;FALSE;FALSE;FALSE;Prestataire;
CB0200;a.girard3;a.girard3@legacy.corpb.local;Antoine;Girard;Antoine Girard;Développeur Externe;Prestataires;OU=Prestataires,DC=legacy,DC=corpb;legacy.corpb.local;a.girard3@legacy.corpb.local;TRUE;TRUE;2023-10-30;2024-11-05;2019-02-19;GRP_Prestataires_External|GRP_Jira_Agents;FALSE;FALSE;FALSE;FALSE;Développeur Externe;
CB0201;f.renard;f.renard@legacy.corpb.local;Franck;Renard;Franck Renard;Analyste Externe;Prestataires;OU=Prestataires,DC=legacy,DC=corpb;legacy.corpb.local;f.renard@legacy.corpb.local;TRUE;TRUE;2023-06-07;2023-01-06;2019-10-27;GRP_Prestataires_External|GRP_Jira_Agents;FALSE;FALSE;FALSE;FALSE;Analyste Externe;
CB0202;a.perrot;a.perrot@legacy.corpb.local;Aurélien;Perrot;Aurélien Perrot;Analyste Externe;Prestataires;OU=Prestataires,DC=legacy,DC=corpb;legacy.corpb.local;a.perrot@legacy.corpb.local;TRUE;FALSE;2024-11-23;2024-06-28;2020-08-30;GRP_Prestataires_External|GRP_Jira_Agents;FALSE;FALSE;FALSE;FALSE;Analyste Externe;
CB0203;c.faure;c.faure@legacy.corpb.local;Christophe;Faure;Christophe Faure;Analyste Externe;Prestataires;OU=Prestataires,DC=legacy,DC=corpb;legacy.corpb.local;c.faure@legacy.corpb.local;TRUE;FALSE;2023-11-13;2023-02-02;2023-04-06;GRP_Prestataires_External|GRP_Jira_Agents;FALSE;FALSE;FALSE;FALSE;Analyste Externe;
CB0204;l.imbert;l.imbert@legacy.corpb.local;Lucie;Imbert;Lucie Imbert;Prestataire;Prestataires;OU=Prestataires,DC=legacy,DC=corpb;legacy.corpb.local;l.imbert@legacy.corpb.local;TRUE;FALSE;2024-01-27;2024-12-16;2023-08-22;GRP_Prestataires_External|GRP_Jira_Agents;FALSE;FALSE;FALSE;FALSE;Prestataire;
CB0205;b.morel;b.morel@legacy.corpb.local;Bruno;Morel;Bruno Morel;Consultant;Prestataires;OU=Prestataires,DC=legacy,DC=corpb;legacy.corpb.local;b.morel@legacy.corpb.local;TRUE;FALSE;2023-09-14;2024-09-11;2018-08-02;GRP_Prestataires_External|GRP_Jira_Agents;FALSE;FALSE;FALSE;FALSE;Consultant;
CB0206;b.simon;b.simon@legacy.corpb.local;Baptiste;Simon;Baptiste Simon;Analyste Externe;Prestataires;OU=Prestataires,DC=legacy,DC=corpb;legacy.corpb.local;b.simon@legacy.corpb.local;TRUE;TRUE;2023-06-14;2024-07-09;2021-01-22;GRP_Prestataires_External|GRP_Jira_Agents;FALSE;FALSE;FALSE;FALSE;Analyste Externe;
CB0207;c.perrin;c.perrin@legacy.corpb.local;Cédric;Perrin;Cédric Perrin;Consultant;Prestataires;OU=Prestataires,DC=legacy,DC=corpb;legacy.corpb.local;c.perrin@legacy.corpb.local;TRUE;FALSE;2024-04-06;2022-02-24;2021-12-02;GRP_Prestataires_External|GRP_Jira_Agents;FALSE;FALSE;FALSE;FALSE;Consultant;
CB0208;c.caron;c.caron@legacy.corpb.local;Charlotte;Caron;Charlotte Caron;Prestataire;Prestataires;OU=Prestataires,DC=legacy,DC=corpb;legacy.corpb.local;c.caron@legacy.corpb.local;TRUE;FALSE;2023-08-30;2022-06-17;2022-05-01;GRP_Prestataires_External|GRP_Jira_Agents;FALSE;FALSE;FALSE;FALSE;Prestataire;
CB0209;s.lefebvre;s.lefebvre@legacy.corpb.local;Sébastien;Lefebvre;Sébastien Lefebvre;Consultant;Prestataires;OU=Prestataires,DC=legacy,DC=corpb;legacy.corpb.local;s.lefebvre@legacy.corpb.local;TRUE;TRUE;2024-10-27;2022-10-27;2021-10-05;GRP_Prestataires_External|GRP_Jira_Agents;FALSE;FALSE;FALSE;FALSE;Consultant;
CB0210;a.brun;a.brun@legacy.corpb.local;Adèle;Brun;Adèle Brun;Consultant;Prestataires;OU=Prestataires,DC=legacy,DC=corpb;legacy.corpb.local;a.brun@legacy.corpb.local;TRUE;FALSE;2024-12-13;2024-08-18;2019-07-23;GRP_Prestataires_External|GRP_Jira_Agents;FALSE;FALSE;FALSE;FALSE;Consultant;
CB0211;t.esteves;t.esteves@legacy.corpb.local;Thomas;Esteves;Thomas Esteves;Consultant;Prestataires;OU=Prestataires,DC=legacy,DC=corpb;legacy.corpb.local;t.esteves@legacy.corpb.local;TRUE;FALSE;2023-08-09;2024-12-16;2019-09-05;GRP_Prestataires_External|GRP_Jira_Agents;FALSE;FALSE;FALSE;FALSE;Consultant;
CB0212;c.mercier;c.mercier@legacy.corpb.local;Céline;Mercier;Céline Mercier;Analyste Externe;Prestataires;OU=Prestataires,DC=legacy,DC=corpb;legacy.corpb.local;c.mercier@legacy.corpb.local;TRUE;FALSE;2023-05-05;2023-05-04;2018-07-15;GRP_Prestataires_External|GRP_Jira_Agents;FALSE;FALSE;FALSE;FALSE;Analyste Externe;
CB0213;j.lacroix;j.lacroix@legacy.corpb.local;Julien;Lacroix;Julien Lacroix;Prestataire;Prestataires;OU=Prestataires,DC=legacy,DC=corpb;legacy.corpb.local;j.lacroix@legacy.corpb.local;TRUE;TRUE;2024-09-03;2022-02-03;2024-01-05;GRP_Prestataires_External|GRP_Jira_Agents;FALSE;FALSE;FALSE;FALSE;Prestataire;
CB0214;a.martin;a.martin@legacy.corpb.local;Anaïs;Martin;Anaïs Martin;Prestataire;Prestataires;OU=Prestataires,DC=legacy,DC=corpb;legacy.corpb.local;a.martin@legacy.corpb.local;TRUE;FALSE;2024-09-21;2023-05-08;2021-12-16;GRP_Prestataires_External|GRP_Jira_Agents;FALSE;FALSE;FALSE;FALSE;Prestataire;
CB0215;j.perrot;j.perrot@legacy.corpb.local;Jonathan;Perrot;Jonathan Perrot;Analyste Externe;Prestataires;OU=Prestataires,DC=legacy,DC=corpb;legacy.corpb.local;j.perrot@legacy.corpb.local;TRUE;TRUE;2023-03-11;2024-11-05;2023-11-25;GRP_Prestataires_External|GRP_Jira_Agents;FALSE;FALSE;FALSE;FALSE;Analyste Externe;
CB0216;m.schmitt;m.schmitt@legacy.corpb.local;Marie;Schmitt;Marie Schmitt;Consultant;Prestataires;OU=Prestataires,DC=legacy,DC=corpb;legacy.corpb.local;m.schmitt@legacy.corpb.local;TRUE;FALSE;2024-01-18;2022-02-03;2020-11-04;GRP_Prestataires_External|GRP_Jira_Agents;FALSE;FALSE;FALSE;FALSE;Consultant;
CB0217;c.leroy;c.leroy@legacy.corpb.local;Céline;Leroy;Céline Leroy;Développeur Externe;Prestataires;OU=Prestataires,DC=legacy,DC=corpb;legacy.corpb.local;c.leroy@legacy.corpb.local;TRUE;TRUE;2024-08-18;2022-10-01;2021-09-23;GRP_Prestataires_External|GRP_Jira_Agents;FALSE;FALSE;FALSE;FALSE;Développeur Externe;
CB0218;é.lambert;é.lambert@legacy.corpb.local;Élise;Lambert;Élise Lambert;Prestataire;Prestataires;OU=Prestataires,DC=legacy,DC=corpb;legacy.corpb.local;é.lambert@legacy.corpb.local;TRUE;TRUE;2024-12-02;2024-09-07;2023-03-19;GRP_Prestataires_External|GRP_Jira_Agents;FALSE;FALSE;FALSE;FALSE;Prestataire;
CB0219;é.mallet;é.mallet@legacy.corpb.local;Éric;Mallet;Éric Mallet;Prestataire;Prestataires;OU=Prestataires,DC=legacy,DC=corpb;legacy.corpb.local;é.mallet@legacy.corpb.local;TRUE;TRUE;2023-02-07;2023-02-17;2021-04-16;GRP_Prestataires_External|GRP_Jira_Agents;FALSE;FALSE;FALSE;FALSE;Prestataire;
CB0220;s.blanc8;s.blanc8@legacy.corpb.local;Sébastien;Blanc;Sébastien Blanc;Prestataire;Prestataires;OU=Prestataires,DC=legacy,DC=corpb;legacy.corpb.local;s.blanc8@legacy.corpb.local;TRUE;TRUE;2024-07-10;2023-06-03;2023-04-24;GRP_Prestataires_External|GRP_Jira_Agents;FALSE;FALSE;FALSE;FALSE;Prestataire;
CB0221;a.durand;a.durand@legacy.corpb.local;Aurélie;Durand;Aurélie Durand;Développeur Externe;Prestataires;OU=Prestataires,DC=legacy,DC=corpb;legacy.corpb.local;a.durand@legacy.corpb.local;TRUE;TRUE;2024-11-02;2023-07-14;2021-09-21;GRP_Prestataires_External|GRP_Jira_Agents;FALSE;FALSE;FALSE;FALSE;Développeur Externe;
CB0222;m.bourgeois;m.bourgeois@legacy.corpb.local;Marion;Bourgeois;Marion Bourgeois;Analyste Externe;Prestataires;OU=Prestataires,DC=legacy,DC=corpb;legacy.corpb.local;m.bourgeois@legacy.corpb.local;TRUE;TRUE;2024-03-26;2023-11-26;2022-05-03;GRP_Prestataires_External|GRP_Jira_Agents;FALSE;FALSE;FALSE;FALSE;Analyste Externe;
CB0223;a.benali;a.benali@legacy.corpb.local;Aurélie;Benali;Aurélie Benali;Prestataire;Prestataires;OU=Prestataires,DC=legacy,DC=corpb;legacy.corpb.local;a.benali@legacy.corpb.local;TRUE;FALSE;2023-03-26;2022-06-11;2022-10-05;GRP_Prestataires_External|GRP_Jira_Agents;FALSE;FALSE;FALSE;FALSE;Prestataire;
CB0224;v.leroy;v.leroy@legacy.corpb.local;Valérie;Leroy;Valérie Leroy;Analyste Externe;Prestataires;OU=Prestataires,DC=legacy,DC=corpb;legacy.corpb.local;v.leroy@legacy.corpb.local;TRUE;FALSE;2023-03-23;2023-08-29;2021-09-05;GRP_Prestataires_External|GRP_Jira_Agents;FALSE;FALSE;FALSE;FALSE;Analyste Externe;
CB0225;é.lemaire;é.lemaire@legacy.corpb.local;Émilie;Lemaire;Émilie Lemaire;Analyste Externe;Prestataires;OU=Prestataires,DC=legacy,DC=corpb;legacy.corpb.local;é.lemaire@legacy.corpb.local;TRUE;FALSE;2023-12-26;2022-03-28;2023-01-06;GRP_Prestataires_External|GRP_Jira_Agents;FALSE;FALSE;FALSE;FALSE;Analyste Externe;
CB0226;n.dubois;n.dubois@legacy.corpb.local;Nadège;Dubois;Nadège Dubois;Consultant;Prestataires;OU=Prestataires,DC=legacy,DC=corpb;legacy.corpb.local;n.dubois@legacy.corpb.local;TRUE;TRUE;2023-03-18;2024-01-15;2022-07-22;GRP_Prestataires_External|GRP_Jira_Agents;FALSE;FALSE;FALSE;FALSE;Consultant;
CB0227;x.lemaire;x.lemaire@legacy.corpb.local;Xavier;Lemaire;Xavier Lemaire;Développeur Externe;Prestataires;OU=Prestataires,DC=legacy,DC=corpb;legacy.corpb.local;x.lemaire@legacy.corpb.local;TRUE;TRUE;2023-02-05;2022-05-18;2019-06-02;GRP_Prestataires_External|GRP_Jira_Agents;FALSE;FALSE;FALSE;FALSE;Développeur Externe;
CB0228;p.robert;p.robert@legacy.corpb.local;Pauline;Robert;Pauline Robert;Développeur Externe;Prestataires;OU=Prestataires,DC=legacy,DC=corpb;legacy.corpb.local;p.robert@legacy.corpb.local;TRUE;FALSE;2024-09-11;2024-07-10;2019-09-21;GRP_Prestataires_External|GRP_Jira_Agents;FALSE;FALSE;FALSE;FALSE;Développeur Externe;
CB0229;l.laurent;l.laurent@legacy.corpb.local;Lucie;Laurent;Lucie Laurent;Analyste Externe;Prestataires;OU=Prestataires,DC=legacy,DC=corpb;legacy.corpb.local;l.laurent@legacy.corpb.local;TRUE;FALSE;2024-08-10;2024-12-20;2019-07-18;GRP_Prestataires_External|GRP_Jira_Agents;FALSE;FALSE;FALSE;FALSE;Analyste Externe;
CB0230;n.moulin;n.moulin@legacy.corpb.local;Nadège;Moulin;Nadège Moulin;Analyste Externe;Prestataires;OU=Prestataires,DC=legacy,DC=corpb;legacy.corpb.local;n.moulin@legacy.corpb.local;TRUE;TRUE;2023-09-13;2022-02-23;2019-04-10;GRP_Prestataires_External|GRP_Jira_Agents;FALSE;FALSE;FALSE;FALSE;Analyste Externe;
CB0231;a.david;a.david@legacy.corpb.local;Adèle;David;Adèle David;Développeur Externe;Prestataires;OU=Prestataires,DC=legacy,DC=corpb;legacy.corpb.local;a.david@legacy.corpb.local;TRUE;TRUE;2023-09-26;2024-07-02;2020-12-02;GRP_Prestataires_External|GRP_Jira_Agents;FALSE;FALSE;FALSE;FALSE;Développeur Externe;
CB0232;i.david;i.david@legacy.corpb.local;Isabelle;David;Isabelle David;Analyste Externe;Prestataires;OU=Prestataires,DC=legacy,DC=corpb;legacy.corpb.local;i.david@legacy.corpb.local;TRUE;TRUE;2023-05-19;2024-07-14;2018-10-31;GRP_Prestataires_External|GRP_Jira_Agents;FALSE;FALSE;FALSE;FALSE;Analyste Externe;
CB0233;b.garnier;b.garnier@legacy.corpb.local;Bruno;Garnier;Bruno Garnier;Développeur Externe;Prestataires;OU=Prestataires,DC=legacy,DC=corpb;legacy.corpb.local;b.garnier@legacy.corpb.local;TRUE;FALSE;2024-11-14;2022-05-13;2021-11-24;GRP_Prestataires_External|GRP_Jira_Agents;FALSE;FALSE;FALSE;FALSE;Développeur Externe;
CB0234;é.lambert;é.lambert@legacy.corpb.local;Éric;Lambert;Éric Lambert;Prestataire;Prestataires;OU=Prestataires,DC=legacy,DC=corpb;legacy.corpb.local;é.lambert@legacy.corpb.local;TRUE;TRUE;2024-01-06;2023-04-05;2023-09-15;GRP_Prestataires_External|GRP_Jira_Agents;FALSE;FALSE;FALSE;FALSE;Prestataire;
CB0235;a.lacroix;a.lacroix@legacy.corpb.local;Alexandre;Lacroix;Alexandre Lacroix;Prestataire;Prestataires;OU=Prestataires,DC=legacy,DC=corpb;legacy.corpb.local;a.lacroix@legacy.corpb.local;TRUE;FALSE;2023-01-27;2024-01-26;2022-01-18;GRP_Prestataires_External|GRP_Jira_Agents;FALSE;FALSE;FALSE;FALSE;Prestataire;
CB0236;p.blanc;p.blanc@legacy.corpb.local;Pierre;Blanc;Pierre Blanc;Analyste Externe;Prestataires;OU=Prestataires,DC=legacy,DC=corpb;legacy.corpb.local;p.blanc@legacy.corpb.local;TRUE;FALSE;2024-02-12;2024-12-12;2023-05-15;GRP_Prestataires_External|GRP_Jira_Agents;FALSE;FALSE;FALSE;FALSE;Analyste Externe;
CB0237;a.garnier;a.garnier@legacy.corpb.local;Antoine;Garnier;Antoine Garnier;Développeur Externe;Prestataires;OU=Prestataires,DC=legacy,DC=corpb;legacy.corpb.local;a.garnier@legacy.corpb.local;TRUE;FALSE;2024-10-19;2024-07-10;2018-10-31;GRP_Prestataires_External|GRP_Jira_Agents;FALSE;FALSE;FALSE;FALSE;Développeur Externe;
CB0238;y.fontaine;y.fontaine@legacy.corpb.local;Yann;Fontaine;Yann Fontaine;Consultant;Prestataires;OU=Prestataires,DC=legacy,DC=corpb;legacy.corpb.local;y.fontaine@legacy.corpb.local;TRUE;TRUE;2023-05-13;2024-10-26;2022-11-08;GRP_Prestataires_External|GRP_Jira_Agents;FALSE;FALSE;FALSE;FALSE;Consultant;
CB0239;b.dupont;b.dupont@legacy.corpb.local;Baptiste;Dupont;Baptiste Dupont;Développeur Externe;Prestataires;OU=Prestataires,DC=legacy,DC=corpb;legacy.corpb.local;b.dupont@legacy.corpb.local;TRUE;FALSE;2023-06-15;2023-04-07;2021-08-14;GRP_Prestataires_External|GRP_Jira_Agents;FALSE;FALSE;FALSE;FALSE;Développeur Externe;
CB0240;r.vincent6;r.vincent6@legacy.corpb.local;Romain;Vincent;Romain Vincent;Consultant;Prestataires;OU=Prestataires,DC=legacy,DC=corpb;legacy.corpb.local;r.vincent6@legacy.corpb.local;FALSE;TRUE;2019-09-14;2020-09-12;2022-01-04;GRP_Prestataires_External|GRP_Jira_Agents;TRUE;FALSE;FALSE;FALSE;Compte inactif — dernière connexion > 18 mois;
CB0241;l.girard;l.girard@legacy.corpb.local;Laurent;Girard;Laurent Girard;Consultant;Prestataires;OU=Prestataires,DC=legacy,DC=corpb;legacy.corpb.local;l.girard@legacy.corpb.local;TRUE;TRUE;2023-06-25;2023-11-23;2024-10-14;GRP_Prestataires_External|GRP_Jira_Agents;FALSE;FALSE;FALSE;FALSE;Consultant;
CB0242;n.arnaud;n.arnaud@legacy.corpb.local;Nicolas;Arnaud;Nicolas Arnaud;Analyste Externe;Prestataires;OU=Prestataires,DC=legacy,DC=corpb;legacy.corpb.local;n.arnaud@legacy.corpb.local;TRUE;TRUE;2024-10-28;2024-05-03;2020-05-13;GRP_Prestataires_External|GRP_Jira_Agents;FALSE;FALSE;FALSE;FALSE;Analyste Externe;
CB0243;n.mercier;n.mercier@legacy.corpb.local;Nadège;Mercier;Nadège Mercier;Analyste Externe;Prestataires;OU=Prestataires,DC=legacy,DC=corpb;legacy.corpb.local;n.mercier@legacy.corpb.local;TRUE;FALSE;2024-05-09;2024-04-11;2020-09-30;GRP_Prestataires_External|GRP_Jira_Agents;FALSE;FALSE;FALSE;FALSE;Analyste Externe;
CB0244;é.dubois;é.dubois@legacy.corpb.local;Éric;Dubois;Éric Dubois;Analyste Externe;Prestataires;OU=Prestataires,DC=legacy,DC=corpb;legacy.corpb.local;é.dubois@legacy.corpb.local;TRUE;FALSE;2023-06-11;2024-05-01;2022-12-06;GRP_Prestataires_External|GRP_Jira_Agents;FALSE;FALSE;FALSE;FALSE;Analyste Externe;
CB0245;s.fournier;s.fournier@legacy.corpb.local;Sébastien;Fournier;Sébastien Fournier;Prestataire;Prestataires;OU=Prestataires,DC=legacy,DC=corpb;legacy.corpb.local;s.fournier@legacy.corpb.local;TRUE;FALSE;2023-11-17;2023-12-09;2021-07-31;GRP_Prestataires_External|GRP_Jira_Agents;FALSE;FALSE;FALSE;FALSE;Prestataire;
CB0246;c.leroy;c.leroy@legacy.corpb.local;Charlotte;Leroy;Charlotte Leroy;Développeur Externe;Prestataires;OU=Prestataires,DC=legacy,DC=corpb;legacy.corpb.local;c.leroy@legacy.corpb.local;TRUE;TRUE;2023-11-23;2024-08-13;2020-09-17;GRP_Prestataires_External|GRP_Jira_Agents;FALSE;FALSE;FALSE;FALSE;Développeur Externe;
CB0247;c.fournier;c.fournier@legacy.corpb.local;Céline;Fournier;Céline Fournier;Analyste Externe;Prestataires;OU=Prestataires,DC=legacy,DC=corpb;legacy.corpb.local;c.fournier@legacy.corpb.local;TRUE;FALSE;2023-04-10;2023-08-18;2018-07-27;GRP_Prestataires_External|GRP_Jira_Agents;FALSE;FALSE;FALSE;FALSE;Analyste Externe;
CB0248;x.bonnet;x.bonnet@legacy.corpb.local;Xavier;Bonnet;Xavier Bonnet;Prestataire;Prestataires;OU=Prestataires,DC=legacy,DC=corpb;legacy.corpb.local;x.bonnet@legacy.corpb.local;TRUE;TRUE;2023-12-02;2023-10-03;2024-06-24;GRP_Prestataires_External|GRP_Jira_Agents;FALSE;FALSE;FALSE;FALSE;Prestataire;
CB0249;c.leclercq;c.leclercq@legacy.corpb.local;Charlotte;Leclercq;Charlotte Leclercq;Consultant;Prestataires;OU=Prestataires,DC=legacy,DC=corpb;legacy.corpb.local;c.leclercq@legacy.corpb.local;TRUE;TRUE;2024-05-25;2024-10-15;2021-06-17;GRP_Prestataires_External|GRP_Jira_Agents;FALSE;FALSE;FALSE;FALSE;Consultant;
CB0250;c.mallet;c.mallet@legacy.corpb.local;Charlotte;Mallet;Charlotte Mallet;Consultant;Prestataires;OU=Prestataires,DC=legacy,DC=corpb;legacy.corpb.local;c.mallet@legacy.corpb.local;TRUE;TRUE;2023-09-04;2023-12-24;2020-05-31;GRP_Prestataires_External|GRP_Jira_Agents;FALSE;FALSE;FALSE;FALSE;Consultant;
CB0251;c.brun;c.brun@legacy.corpb.local;Clémence;Brun;Clémence Brun;Analyste Externe;Prestataires;OU=Prestataires,DC=legacy,DC=corpb;legacy.corpb.local;c.brun@legacy.corpb.local;TRUE;TRUE;2023-10-20;2022-01-17;2024-01-08;GRP_Prestataires_External|GRP_Jira_Agents;FALSE;FALSE;FALSE;FALSE;Analyste Externe;
CB0252;y.arnaud;y.arnaud@legacy.corpb.local;Yann;Arnaud;Yann Arnaud;Analyste Externe;Prestataires;OU=Prestataires,DC=legacy,DC=corpb;legacy.corpb.local;y.arnaud@legacy.corpb.local;TRUE;TRUE;2024-01-10;2024-01-20;2022-07-10;GRP_Prestataires_External|GRP_Jira_Agents;FALSE;FALSE;FALSE;FALSE;Analyste Externe;
CB0253;l.rousseau;l.rousseau@legacy.corpb.local;Laurent;Rousseau;Laurent Rousseau;Assistant Comptable;ServiceCompt;OU=ServiceCompt,DC=legacy,DC=corpb;legacy.corpb.local;l.rousseau@legacy.corpb.local;TRUE;TRUE;2024-01-07;2023-08-15;2024-03-16;GRP_Finance_Users|GRP_AS400_Access|GRP_All_CorpB;FALSE;FALSE;FALSE;FALSE;Assistant Comptable;
CB0254;l.moulin;l.moulin@legacy.corpb.local;Lucie;Moulin;Lucie Moulin;Comptable;ServiceCompt;OU=ServiceCompt,DC=legacy,DC=corpb;legacy.corpb.local;l.moulin@legacy.corpb.local;TRUE;TRUE;2024-09-30;2022-09-01;2024-11-07;GRP_Finance_Users|GRP_AS400_Access|GRP_All_CorpB;FALSE;FALSE;FALSE;FALSE;Comptable;
CB0255;a.legrand;a.legrand@legacy.corpb.local;Aurélie;Legrand;Aurélie Legrand;Assistant Comptable;ServiceCompt;OU=ServiceCompt,DC=legacy,DC=corpb;legacy.corpb.local;a.legrand@legacy.corpb.local;TRUE;TRUE;2024-07-25;2022-10-23;2022-02-06;GRP_Finance_Users|GRP_AS400_Access|GRP_All_CorpB;FALSE;FALSE;FALSE;FALSE;Assistant Comptable;
CB0256;svc_servicecompt_256;svc_servicecompt_256@legacy.corpb.local;SVC;SERVICECOMPT_256;SVC SERVICECOMPT_256;Compte de Service;ServiceCompt;OU=ServiceCompt,DC=legacy,DC=corpb;legacy.corpb.local;svc_servicecompt_256@legacy.corpb.local;TRUE;TRUE;2023-05-21;2024-08-28;2021-09-26;GRP_Finance_Users|GRP_AS400_Access|GRP_All_CorpB;FALSE;FALSE;TRUE;FALSE;Compte de service — usage applicatif ServiceCompt;
CB0257;f.morel;f.morel@legacy.corpb.local;Franck;Morel;Franck Morel;Assistant Comptable;ServiceCompt;OU=ServiceCompt,DC=legacy,DC=corpb;legacy.corpb.local;f.morel@legacy.corpb.local;TRUE;TRUE;2023-12-02;2023-10-15;2024-11-16;GRP_Finance_Users|GRP_AS400_Access|GRP_All_CorpB;FALSE;FALSE;FALSE;FALSE;Assistant Comptable;
CB0258;a.legrand;a.legrand@legacy.corpb.local;Alice;Legrand;Alice Legrand;Contrôleur de Gestion;ServiceCompt;OU=ServiceCompt,DC=legacy,DC=corpb;legacy.corpb.local;a.legrand@legacy.corpb.local;TRUE;FALSE;2024-06-03;2024-12-26;2023-09-19;GRP_Finance_Users|GRP_AS400_Access|GRP_All_CorpB;FALSE;FALSE;FALSE;FALSE;Contrôleur de Gestion;
CB0259;é.thomas;é.thomas@legacy.corpb.local;Élise;Thomas;Élise Thomas;Contrôleur de Gestion;ServiceCompt;OU=ServiceCompt,DC=legacy,DC=corpb;legacy.corpb.local;é.thomas@legacy.corpb.local;TRUE;FALSE;2024-01-13;2022-08-13;2021-09-18;GRP_Finance_Users|GRP_AS400_Access|GRP_All_CorpB;FALSE;FALSE;FALSE;FALSE;Contrôleur de Gestion;
CB0260;f.brun6;f.brun6@legacy.corpb.local;Franck;Brun;Franck Brun;Assistant Comptable;ServiceCompt;OU=ServiceCompt,DC=legacy,DC=corpb;legacy.corpb.local;f.brun6@legacy.corpb.local;TRUE;TRUE;2024-11-02;2023-04-12;2024-06-27;GRP_Finance_Users|GRP_AS400_Access|GRP_All_CorpB;FALSE;FALSE;FALSE;FALSE;Assistant Comptable;
CB0261;j.renard;j.renard@legacy.corpb.local;Jonathan;Renard;Jonathan Renard;Responsable Comptabilité;ServiceCompt;OU=ServiceCompt,DC=legacy,DC=corpb;legacy.corpb.local;j.renard@legacy.corpb.local;TRUE;TRUE;2023-06-01;2022-03-06;2020-09-19;GRP_Finance_Users|GRP_AS400_Access|GRP_All_CorpB;FALSE;FALSE;FALSE;FALSE;Responsable Comptabilité;
CB0262;d.garnier;d.garnier@legacy.corpb.local;Damien;Garnier;Damien Garnier;Assistant Comptable;ServiceCompt;OU=ServiceCompt,DC=legacy,DC=corpb;legacy.corpb.local;d.garnier@legacy.corpb.local;TRUE;TRUE;2024-03-04;2024-04-25;2019-09-13;GRP_Finance_Users|GRP_AS400_Access|GRP_All_CorpB;FALSE;FALSE;FALSE;FALSE;Assistant Comptable;
CB0263;s.dubois;s.dubois@legacy.corpb.local;Sarah;Dubois;Sarah Dubois;Contrôleur de Gestion;ServiceCompt;OU=ServiceCompt,DC=legacy,DC=corpb;legacy.corpb.local;s.dubois@legacy.corpb.local;TRUE;TRUE;2024-12-23;2024-11-28;2019-07-20;GRP_Finance_Users|GRP_AS400_Access|GRP_All_CorpB;FALSE;FALSE;FALSE;FALSE;Contrôleur de Gestion;
CB0264;svc_servicecompt_264;svc_servicecompt_264@legacy.corpb.local;SVC;SERVICECOMPT_264;SVC SERVICECOMPT_264;Compte de Service;ServiceCompt;OU=ServiceCompt,DC=legacy,DC=corpb;legacy.corpb.local;svc_servicecompt_264@legacy.corpb.local;TRUE;TRUE;2023-11-18;2024-07-30;2019-12-11;GRP_Finance_Users|GRP_AS400_Access|GRP_All_CorpB;FALSE;FALSE;TRUE;FALSE;Compte de service — usage applicatif ServiceCompt;
CB0265;a.arnaud;a.arnaud@legacy.corpb.local;Amandine;Arnaud;Amandine Arnaud;Contrôleur de Gestion;ServiceCompt;OU=ServiceCompt,DC=legacy,DC=corpb;legacy.corpb.local;a.arnaud@legacy.corpb.local;TRUE;TRUE;2024-09-16;2023-01-29;2023-06-07;GRP_Finance_Users|GRP_AS400_Access|GRP_All_CorpB;FALSE;FALSE;FALSE;FALSE;Contrôleur de Gestion;
CB0266;c.mercier;c.mercier@legacy.corpb.local;Céline;Mercier;Céline Mercier;Assistant Comptable;ServiceCompt;OU=ServiceCompt,DC=legacy,DC=corpb;legacy.corpb.local;c.mercier@legacy.corpb.local;TRUE;FALSE;2023-10-23;2024-09-28;2020-04-29;GRP_Finance_Users|GRP_AS400_Access|GRP_All_CorpB;FALSE;FALSE;FALSE;FALSE;Assistant Comptable;
CB0267;m.moulin;m.moulin@legacy.corpb.local;Manon;Moulin;Manon Moulin;Contrôleur de Gestion;ServiceCompt;OU=ServiceCompt,DC=legacy,DC=corpb;legacy.corpb.local;m.moulin@legacy.corpb.local;TRUE;FALSE;2023-10-22;2024-02-17;2019-05-15;GRP_Finance_Users|GRP_AS400_Access|GRP_All_CorpB;FALSE;FALSE;FALSE;FALSE;Contrôleur de Gestion;
CB0268;b.richard;b.richard@legacy.corpb.local;Baptiste;Richard;Baptiste Richard;Compte Archivé;Archived;OU=Archived,DC=legacy,DC=corpb;legacy.corpb.local;b.richard@legacy.corpb.local;FALSE;TRUE;2020-08-12;2020-12-10;2015-11-20;;TRUE;FALSE;FALSE;FALSE;Compte archivé — départ non traité;
CB0269;i.picard;i.picard@legacy.corpb.local;Inès;Picard;Inès Picard;Compte Archivé;Archived;OU=Archived,DC=legacy,DC=corpb;legacy.corpb.local;i.picard@legacy.corpb.local;FALSE;TRUE;2020-03-14;2020-07-09;2017-04-07;;TRUE;FALSE;FALSE;FALSE;Compte archivé — départ non traité;
CB0270;j.faure;j.faure@legacy.corpb.local;Julien;Faure;Julien Faure;Ancien Employé;Archived;OU=Archived,DC=legacy,DC=corpb;legacy.corpb.local;j.faure@legacy.corpb.local;FALSE;TRUE;2020-05-11;2021-12-23;2015-07-27;;TRUE;FALSE;FALSE;FALSE;Compte archivé — départ non traité;
CB0271;n.lefebvre;n.lefebvre@legacy.corpb.local;Nicolas;Lefebvre;Nicolas Lefebvre;Ancien Employé;Archived;OU=Archived,DC=legacy,DC=corpb;legacy.corpb.local;n.lefebvre@legacy.corpb.local;FALSE;TRUE;2021-04-26;2021-08-25;2018-09-14;;TRUE;FALSE;FALSE;FALSE;Compte archivé — départ non traité;
CB0272;t.bonnet;t.bonnet@legacy.corpb.local;Thomas;Bonnet;Thomas Bonnet;Compte Archivé;Archived;OU=Archived,DC=legacy,DC=corpb;legacy.corpb.local;t.bonnet@legacy.corpb.local;FALSE;TRUE;2021-04-13;2021-09-01;2022-04-28;;TRUE;FALSE;FALSE;FALSE;Compte archivé — départ non traité;
CB0273;p.imbert;p.imbert@legacy.corpb.local;Patrick;Imbert;Patrick Imbert;Ancien Employé;Archived;OU=Archived,DC=legacy,DC=corpb;legacy.corpb.local;p.imbert@legacy.corpb.local;FALSE;TRUE;2020-10-19;2019-05-02;2018-03-15;;TRUE;FALSE;FALSE;FALSE;Compte archivé — départ non traité;
CB0274;c.robert;c.robert@legacy.corpb.local;Christophe;Robert;Christophe Robert;Ancien Employé;Archived;OU=Archived,DC=legacy,DC=corpb;legacy.corpb.local;c.robert@legacy.corpb.local;FALSE;TRUE;2019-12-25;2019-12-27;2019-09-08;;TRUE;FALSE;FALSE;FALSE;Compte archivé — départ non traité;
CB0275;m.lacroix;m.lacroix@legacy.corpb.local;Margot;Lacroix;Margot Lacroix;Ancien Employé;Archived;OU=Archived,DC=legacy,DC=corpb;legacy.corpb.local;m.lacroix@legacy.corpb.local;FALSE;TRUE;2020-01-17;2019-03-18;2018-03-31;;TRUE;FALSE;FALSE;FALSE;Compte archivé — départ non traité;
CB0276;a.leroy;a.leroy@legacy.corpb.local;Alice;Leroy;Alice Leroy;Compte Archivé;Archived;OU=Archived,DC=legacy,DC=corpb;legacy.corpb.local;a.leroy@legacy.corpb.local;FALSE;TRUE;2020-11-17;2021-07-19;2018-03-11;;TRUE;FALSE;FALSE;FALSE;Compte archivé — départ non traité;
CB0277;x.leclercq;x.leclercq@legacy.corpb.local;Xavier;Leclercq;Xavier Leclercq;Compte Archivé;Archived;OU=Archived,DC=legacy,DC=corpb;legacy.corpb.local;x.leclercq@legacy.corpb.local;FALSE;TRUE;2020-07-12;2019-08-19;2017-02-28;;TRUE;FALSE;FALSE;FALSE;Compte archivé — départ non traité;
CB0278;t.mallet;t.mallet@legacy.corpb.local;Thierry;Mallet;Thierry Mallet;Ancien Employé;Archived;OU=Archived,DC=legacy,DC=corpb;legacy.corpb.local;t.mallet@legacy.corpb.local;FALSE;TRUE;2022-08-20;2020-01-17;2017-11-19;;TRUE;FALSE;FALSE;FALSE;Compte archivé — départ non traité;
CB0279;m.deschamps;m.deschamps@legacy.corpb.local;Margot;Deschamps;Margot Deschamps;Ancien Employé;Archived;OU=Archived,DC=legacy,DC=corpb;legacy.corpb.local;m.deschamps@legacy.corpb.local;FALSE;TRUE;2022-03-08;2020-01-31;2022-07-25;;TRUE;FALSE;FALSE;FALSE;Compte archivé — départ non traité;
CB0280;é.henry7;é.henry7@legacy.corpb.local;Élise;Henry;Élise Henry;Ancien Employé;Archived;OU=Archived,DC=legacy,DC=corpb;legacy.corpb.local;é.henry7@legacy.corpb.local;FALSE;TRUE;2019-06-27;2019-07-15;2019-06-30;;TRUE;FALSE;FALSE;FALSE;Compte archivé — départ non traité;
CB0281;k.chevalier;k.chevalier@legacy.corpb.local;Kevin;Chevalier;Kevin Chevalier;Compte Archivé;Archived;OU=Archived,DC=legacy,DC=corpb;legacy.corpb.local;k.chevalier@legacy.corpb.local;FALSE;TRUE;2020-05-23;2020-06-18;2015-01-28;;TRUE;FALSE;FALSE;FALSE;Compte archivé — départ non traité;
CB0282;d.benali;d.benali@legacy.corpb.local;Damien;Benali;Damien Benali;Compte Archivé;Archived;OU=Archived,DC=legacy,DC=corpb;legacy.corpb.local;d.benali@legacy.corpb.local;FALSE;TRUE;2020-11-06;2019-01-24;2018-05-21;;TRUE;FALSE;FALSE;FALSE;Compte archivé — départ non traité;
CB0283;c.faure;c.faure@legacy.corpb.local;Claire;Faure;Claire Faure;Compte Archivé;Archived;OU=Archived,DC=legacy,DC=corpb;legacy.corpb.local;c.faure@legacy.corpb.local;FALSE;TRUE;2019-05-08;2019-08-31;2022-06-28;;TRUE;FALSE;FALSE;FALSE;Compte archivé — départ non traité;
CB0284;é.bourgeois;é.bourgeois@legacy.corpb.local;Émilie;Bourgeois;Émilie Bourgeois;Ancien Employé;Archived;OU=Archived,DC=legacy,DC=corpb;legacy.corpb.local;é.bourgeois@legacy.corpb.local;FALSE;TRUE;2022-11-06;2020-09-28;2020-08-20;;TRUE;FALSE;FALSE;FALSE;Compte archivé — départ non traité;
CB0285;a.perrin;a.perrin@legacy.corpb.local;Aurélie;Perrin;Aurélie Perrin;Ancien Employé;Archived;OU=Archived,DC=legacy,DC=corpb;legacy.corpb.local;a.perrin@legacy.corpb.local;FALSE;TRUE;2020-03-24;2021-09-06;2016-07-01;;TRUE;FALSE;FALSE;FALSE;Compte archivé — départ non traité;
CB0286;i.caron;i.caron@legacy.corpb.local;Inès;Caron;Inès Caron;Ancien Employé;Archived;OU=Archived,DC=legacy,DC=corpb;legacy.corpb.local;i.caron@legacy.corpb.local;FALSE;TRUE;2021-05-01;2021-08-22;2022-11-15;;TRUE;FALSE;FALSE;FALSE;Compte archivé — départ non traité;
CB0287;s.simon;s.simon@legacy.corpb.local;Stéphane;Simon;Stéphane Simon;Compte Archivé;Archived;OU=Archived,DC=legacy,DC=corpb;legacy.corpb.local;s.simon@legacy.corpb.local;FALSE;TRUE;2021-12-12;2021-12-17;2020-01-04;;TRUE;FALSE;FALSE;FALSE;Compte archivé — départ non traité;
CB0288;c.roux;c.roux@legacy.corpb.local;Cédric;Roux;Cédric Roux;Ancien Employé;Archived;OU=Archived,DC=legacy,DC=corpb;legacy.corpb.local;c.roux@legacy.corpb.local;FALSE;TRUE;2019-05-07;2021-11-01;2021-02-21;;TRUE;FALSE;FALSE;FALSE;Compte archivé — départ non traité;
CB0289;m.chevalier;m.chevalier@legacy.corpb.local;Maxime;Chevalier;Maxime Chevalier;Ancien Employé;Archived;OU=Archived,DC=legacy,DC=corpb;legacy.corpb.local;m.chevalier@legacy.corpb.local;FALSE;TRUE;2021-12-01;2019-08-27;2019-12-15;;TRUE;FALSE;FALSE;FALSE;Compte archivé — départ non traité;
CB0290;j.noel;j.noel@legacy.corpb.local;Julie;Noel;Julie Noel;Compte Archivé;Archived;OU=Archived,DC=legacy,DC=corpb;legacy.corpb.local;j.noel@legacy.corpb.local;FALSE;TRUE;2019-04-24;2019-09-28;2020-02-01;;TRUE;FALSE;FALSE;FALSE;Compte archivé — départ non traité;
CB0291;a.dubois;a.dubois@legacy.corpb.local;Alice;Dubois;Alice Dubois;Ancien Employé;Archived;OU=Archived,DC=legacy,DC=corpb;legacy.corpb.local;a.dubois@legacy.corpb.local;FALSE;TRUE;2022-02-18;2020-09-23;2020-03-08;;TRUE;FALSE;FALSE;FALSE;Compte archivé — départ non traité;
CB0292;n.martin;n.martin@legacy.corpb.local;Nathalie;Martin;Nathalie Martin;Ancien Employé;Archived;OU=Archived,DC=legacy,DC=corpb;legacy.corpb.local;n.martin@legacy.corpb.local;FALSE;TRUE;2020-03-22;2019-05-30;2021-06-26;;TRUE;FALSE;FALSE;FALSE;Compte archivé — départ non traité;
CB0293;a.moreau;a.moreau@legacy.corpb.local;Aurélie;Moreau;Aurélie Moreau;Compte Archivé;Archived;OU=Archived,DC=legacy,DC=corpb;legacy.corpb.local;a.moreau@legacy.corpb.local;FALSE;TRUE;2022-01-13;2019-05-22;2015-09-04;;TRUE;FALSE;FALSE;FALSE;Compte archivé — départ non traité;
CB0294;b.lemaire;b.lemaire@legacy.corpb.local;Baptiste;Lemaire;Baptiste Lemaire;Compte Archivé;Archived;OU=Archived,DC=legacy,DC=corpb;legacy.corpb.local;b.lemaire@legacy.corpb.local;FALSE;TRUE;2020-01-04;2021-05-10;2016-07-08;;TRUE;FALSE;FALSE;FALSE;Compte archivé — départ non traité;
CB0295;l.renard;l.renard@legacy.corpb.local;Laetitia;Renard;Laetitia Renard;Compte Archivé;Archived;OU=Archived,DC=legacy,DC=corpb;legacy.corpb.local;l.renard@legacy.corpb.local;FALSE;TRUE;2021-02-08;2019-09-30;2015-11-25;;TRUE;FALSE;FALSE;FALSE;Compte archivé — départ non traité;
CB0296;m.colin;m.colin@legacy.corpb.local;Maxime;Colin;Maxime Colin;Ancien Employé;Archived;OU=Archived,DC=legacy,DC=corpb;legacy.corpb.local;m.colin@legacy.corpb.local;FALSE;TRUE;2021-12-19;2020-04-01;2016-06-05;;TRUE;FALSE;FALSE;FALSE;Compte archivé — départ non traité;
CB0297;b.leclercq;b.leclercq@legacy.corpb.local;Baptiste;Leclercq;Baptiste Leclercq;Compte Archivé;Archived;OU=Archived,DC=legacy,DC=corpb;legacy.corpb.local;b.leclercq@legacy.corpb.local;FALSE;TRUE;2022-10-11;2021-05-18;2021-02-08;;TRUE;FALSE;FALSE;FALSE;Compte archivé — départ non traité;
CB0298;a.mallet;a.mallet@legacy.corpb.local;Alexandre;Mallet;Alexandre Mallet;Ancien Employé;Archived;OU=Archived,DC=legacy,DC=corpb;legacy.corpb.local;a.mallet@legacy.corpb.local;FALSE;TRUE;2020-12-09;2020-07-18;2016-09-27;;TRUE;FALSE;FALSE;FALSE;Compte archivé — départ non traité;
CB0299;n.masson;n.masson@legacy.corpb.local;Nicolas;Masson;Nicolas Masson;Ancien Employé;Archived;OU=Archived,DC=legacy,DC=corpb;legacy.corpb.local;n.masson@legacy.corpb.local;FALSE;TRUE;2022-06-13;2020-05-07;2015-03-06;;TRUE;FALSE;FALSE;FALSE;Compte archivé — départ non traité;
CB0300;j.robert9;j.robert9@legacy.corpb.local;Julien;Robert;Julien Robert;Ancien Employé;Archived;OU=Archived,DC=legacy,DC=corpb;legacy.corpb.local;j.robert9@legacy.corpb.local;FALSE;TRUE;2022-05-09;2019-04-10;2022-07-15;;TRUE;FALSE;FALSE;FALSE;Compte archivé — départ non traité;
CB0301;m.lemaire;m.lemaire@legacy.corpb.local;Mathieu;Lemaire;Mathieu Lemaire;Ancien Employé;Archived;OU=Archived,DC=legacy,DC=corpb;legacy.corpb.local;m.lemaire@legacy.corpb.local;FALSE;TRUE;2020-04-24;2020-03-20;2021-01-19;;TRUE;FALSE;FALSE;FALSE;Compte archivé — départ non traité;
CB0302;j.deschamps;j.deschamps@legacy.corpb.local;Jonathan;Deschamps;Jonathan Deschamps;Compte Archivé;Archived;OU=Archived,DC=legacy,DC=corpb;legacy.corpb.local;j.deschamps@legacy.corpb.local;FALSE;TRUE;2020-04-24;2020-10-15;2021-06-17;;TRUE;FALSE;FALSE;FALSE;Compte archivé — départ non traité;
CB0303;b.fournier;b.fournier@legacy.corpb.local;Baptiste;Fournier;Baptiste Fournier;Compte Archivé;Archived;OU=Archived,DC=legacy,DC=corpb;legacy.corpb.local;b.fournier@legacy.corpb.local;FALSE;TRUE;2022-09-14;2020-03-28;2020-11-05;;TRUE;FALSE;FALSE;FALSE;Compte archivé — départ non traité;
CB0304;n.dubois;n.dubois@legacy.corpb.local;Nathalie;Dubois;Nathalie Dubois;Compte Archivé;Archived;OU=Archived,DC=legacy,DC=corpb;legacy.corpb.local;n.dubois@legacy.corpb.local;FALSE;TRUE;2022-02-14;2019-12-25;2021-08-20;;TRUE;FALSE;FALSE;FALSE;Compte archivé — départ non traité;
CB0305;m.gauthier;m.gauthier@legacy.corpb.local;Marie;Gauthier;Marie Gauthier;Compte Archivé;Archived;OU=Archived,DC=legacy,DC=corpb;legacy.corpb.local;m.gauthier@legacy.corpb.local;FALSE;TRUE;2022-08-10;2021-02-19;2022-07-12;;TRUE;FALSE;FALSE;FALSE;Compte archivé — départ non traité;
CB0306;a.girard;a.girard@legacy.corpb.local;Anaïs;Girard;Anaïs Girard;Compte Archivé;Archived;OU=Archived,DC=legacy,DC=corpb;legacy.corpb.local;a.girard@legacy.corpb.local;FALSE;TRUE;2020-09-06;2020-01-12;2019-03-22;;TRUE;FALSE;FALSE;FALSE;Compte archivé — départ non traité;
CB0307;x.perrin;x.perrin@legacy.corpb.local;Xavier;Perrin;Xavier Perrin;Compte Archivé;Archived;OU=Archived,DC=legacy,DC=corpb;legacy.corpb.local;x.perrin@legacy.corpb.local;FALSE;TRUE;2020-09-07;2019-10-23;2022-12-08;;TRUE;FALSE;FALSE;FALSE;Compte archivé — départ non traité;
CB0308;c.lemaire;c.lemaire@legacy.corpb.local;Christophe;Lemaire;Christophe Lemaire;Ancien Employé;Archived;OU=Archived,DC=legacy,DC=corpb;legacy.corpb.local;c.lemaire@legacy.corpb.local;FALSE;TRUE;2021-05-03;2021-12-21;2021-04-01;;TRUE;FALSE;FALSE;FALSE;Compte archivé — départ non traité;
CB0309;c.esteves;c.esteves@legacy.corpb.local;Céline;Esteves;Céline Esteves;Compte Archivé;Archived;OU=Archived,DC=legacy,DC=corpb;legacy.corpb.local;c.esteves@legacy.corpb.local;FALSE;TRUE;2020-02-21;2019-06-11;2018-09-14;;TRUE;FALSE;FALSE;FALSE;Compte archivé — départ non traité;
CB0310;j.rousseau;j.rousseau@legacy.corpb.local;Julie;Rousseau;Julie Rousseau;Ancien Employé;Archived;OU=Archived,DC=legacy,DC=corpb;legacy.corpb.local;j.rousseau@legacy.corpb.local;FALSE;TRUE;2019-04-16;2021-02-11;2018-01-04;;TRUE;FALSE;FALSE;FALSE;Compte archivé — départ non traité;
CB0311;g.leconte;g.leconte@legacy.corpb.local;Guillaume;Leconte;Guillaume Leconte;Compte Archivé;Archived;OU=Archived,DC=legacy,DC=corpb;legacy.corpb.local;g.leconte@legacy.corpb.local;FALSE;TRUE;2021-09-08;2020-11-12;2017-05-05;;TRUE;FALSE;FALSE;FALSE;Compte archivé — départ non traité;
CB0312;g.rousseau;g.rousseau@legacy.corpb.local;Guillaume;Rousseau;Guillaume Rousseau;Ancien Employé;Archived;OU=Archived,DC=legacy,DC=corpb;legacy.corpb.local;g.rousseau@legacy.corpb.local;FALSE;TRUE;2019-08-29;2020-05-11;2020-05-15;;TRUE;FALSE;FALSE;FALSE;Compte archivé — départ non traité;
